Xshell 8 (Build 0068)
Copyright (c) 2024 NetSarang Computer, Inc. All rights reserved.

Type `help' to learn how to use Xshell prompt.
[E:\~]$ 

Connecting to 127.0.0.1:22...
Connection established.
To escape to local shell, press 'Ctrl+Alt+]'.

WARNING! The remote SSH server rejected X11 forwarding request.
Last login: Fri Jun 20 09:08:36 2025 from 172.17.0.1
[root@46d43da1126c ~]# cd /data/code/
[root@46d43da1126c code]# ls
Makefile  README.md  all_start.sh  bs_kill.sh  bs_run.sh  build  clib  config  cs_common  cs_kill.sh  cs_run.sh  daobiao  doc  gs_kill.sh  gs_run.sh  log  lualib  open_gate.sh  service  shell  skynet  tools
[root@46d43da1126c code]# 
[root@46d43da1126c code]# 
[root@46d43da1126c code]# ./build/skynet ./config/gs_config.lua
[:06-26_03-01-00][:00000001] LAUNCH logger 
[:06-26_03-01-00][:00000002] LAUNCH snlua bootstrap
[:06-26_03-01-00][:00000003] LAUNCH snlua launcher
[:06-26_03-01-00][:00000004] LAUNCH snlua cdummy
[:06-26_03-01-00][:00000005] LAUNCH harbor 0 4
[:06-26_03-01-00][:00000006] LAUNCH snlua datacenterd
[:06-26_03-01-00][:00000007] LAUNCH snlua service_mgr
[:06-26_03-01-00][:00000008] LAUNCH snlua gs_launcher
[:06-26_03-01-00][:00000008] [INFO] gs start
[:06-26_03-01-00][:00000009] LAUNCH snlua debug_console 7001
[:06-26_03-01-01][:00000009] Start debug console at 127.0.0.1 7001
[:06-26_03-01-01][:0000000a] LAUNCH snlua res
[:06-26_03-01-01][:0000000b] LAUNCH snlua sharedatad
[:06-26_03-01-01][:0000000b] Memory warning 32.00 M
[:06-26_03-01-02][:0000000a] [INFO] res service booted
[:06-26_03-01-02][:0000000c] LAUNCH snlua rt_monitor
[:06-26_03-01-02][:0000000c] [INFO] rt_monitor service booted
[:06-26_03-01-02][:0000000d] LAUNCH snlua mem_monitor
[:06-26_03-01-02][:0000000d] [INFO] mem_monitor service booted
[:06-26_03-01-02][:0000000e] LAUNCH snlua mem_rt_monitor
[:06-26_03-01-02][:0000000e] [INFO] mem_rt_monitor service booted
[:06-26_03-01-02][:0000000f] LAUNCH snlua dictator
[:06-26_03-01-02][:0000000f] start dictator at 127.0.0.1 7002
[:06-26_03-01-02][:0000000f] [INFO] dictator service booted
[:06-26_03-01-02][:00000010] LAUNCH snlua router_c
[:06-26_03-01-03][:00000010] [INFO] router_c service booted
[:06-26_03-01-03][:00000011] LAUNCH snlua webrouter
[:06-26_03-01-03][:00000012] LAUNCH snlua webhandler
[:06-26_03-01-03][:00000012] [INFO] webhandler service booted
[:06-26_03-01-03][:00000013] LAUNCH snlua webhandler
[:06-26_03-01-03][:00000013] [INFO] webhandler service booted
[:06-26_03-01-03][:00000014] LAUNCH snlua webhandler
[:06-26_03-01-03][:00000014] [INFO] webhandler service booted
[:06-26_03-01-03][:00000015] LAUNCH snlua webhandler
[:06-26_03-01-03][:00000015] [INFO] webhandler service booted
[:06-26_03-01-03][:00000016] LAUNCH snlua webhandler
[:06-26_03-01-03][:00000016] [INFO] webhandler service booted
[:06-26_03-01-03][:00000017] LAUNCH snlua webhandler
[:06-26_03-01-04][:00000017] [INFO] webhandler service booted
[:06-26_03-01-04][:00000018] LAUNCH snlua webhandler
[:06-26_03-01-04][:00000018] [INFO] webhandler service booted
[:06-26_03-01-04][:00000019] LAUNCH snlua webhandler
[:06-26_03-01-04][:00000019] [INFO] webhandler service booted
[:06-26_03-01-04][:0000001a] LAUNCH snlua webhandler
[:06-26_03-01-04][:0000001a] [INFO] webhandler service booted
[:06-26_03-01-04][:0000001b] LAUNCH snlua webhandler
[:06-26_03-01-04][:0000001b] [INFO] webhandler service booted
[:06-26_03-01-04][:00000011] [INFO] webrouter listen web port 7003
[:06-26_03-01-04][:00000011] [INFO] webrouter service booted
[:06-26_03-01-04][:0000001c] LAUNCH snlua gamedb 1
[:06-26_03-01-05][:0000001c] [INFO] gamedb service booted
[:06-26_03-01-05][:0000001d] LAUNCH snlua gamedb 2
[:06-26_03-01-05][:0000001d] [INFO] gamedb service booted
[:06-26_03-01-05][:0000001e] LAUNCH snlua gamedb 3
[:06-26_03-01-05][:0000001e] [INFO] gamedb service booted
[:06-26_03-01-05][:0000001f] LAUNCH snlua gamedb 4
[:06-26_03-01-05][:0000001f] [INFO] gamedb service booted
[:06-26_03-01-05][:00000020] LAUNCH snlua login
[:06-26_03-01-06][:00000020] CConnection 文件被导入
[:06-26_03-01-06][:00000020] CGate 文件被导入
[:06-26_03-01-06][:00000020] CGateMgr 文件被导入
[:06-26_03-01-06][:00000020] 登录端口 7011
[:06-26_03-01-06][:00000021] LAUNCH zinc_gate S :00000020 7011 13 10000 -2271245531232191831
[:06-26_03-01-06][:00000020] 登录端口 7012
[:06-26_03-01-06][:00000022] LAUNCH zinc_gate S :00000020 7012 13 10000 -2271245531232191831
[:06-26_03-01-06][:00000020] 登录端口 27011
[:06-26_03-01-06][:00000023] LAUNCH zinc_gate S :00000020 27011 13 10000 -2271245531232191831
[:06-26_03-01-06][:00000020] 登录端口 27012
[:06-26_03-01-06][:00000024] LAUNCH zinc_gate S :00000020 27012 13 10000 -2271245531232191831
[:06-26_03-01-06][:00000020] 登录端口 27013
[:06-26_03-01-06][:00000025] LAUNCH zinc_gate S :00000020 27013 13 10000 -2271245531232191831
[:06-26_03-01-06][:00000020] [INFO] login service booted
[:06-26_03-01-06][:00000026] LAUNCH snlua logdb
[:06-26_03-01-06][:00000026] [INFO] logdb service booted
[:06-26_03-01-06][:00000027] LAUNCH snlua logstatistics
[:06-26_03-01-06][:00000027] [INFO] logstatistics service booted
[:06-26_03-01-06][:00000028] LAUNCH snlua broadcast
[:06-26_03-01-06][:00000028] [INFO] broadcast service booted
[:06-26_03-01-06][:00000029] LAUNCH snlua clientupdate
[:06-26_03-01-06][:00000029] [INFO] clientupdate service booted
[:06-26_03-01-06][:0000002a] LAUNCH snlua logfile
[:06-26_03-01-07][:0000002a] [INFO] logfile service booted
[:06-26_03-01-07][:0000002b] LAUNCH snlua logmonitor
[:06-26_03-01-07][:0000002b] [INFO] logmonitor service booted
[:06-26_03-01-07][:0000002c] LAUNCH snlua world
[:06-26_03-01-08][:0000002c] [INFO] world service booted
[:06-26_03-01-08][:0000001c] ==================== DbOperate {"cond":{"server_id":"gs10001"},"cmd":"LoadWorld","module":"worlddb"}
[:06-26_03-01-08][:0000002d] LAUNCH snlua testclient
[:06-26_03-01-08][:0000002e] LAUNCH snlua scene
[:06-26_03-01-08][:0000002d] [INFO] testclient service booted
[:06-26_03-01-08][:0000002f] LAUNCH snlua merger
[:06-26_03-01-08][:0000002e] [INFO] scene service booted
[:06-26_03-01-08][:00000030] LAUNCH snlua scene
[:06-26_03-01-08][:0000002f] [INFO] merger service booted
[:06-26_03-01-08][:00000031] LAUNCH snlua chat
[:06-26_03-01-09][:00000030] [INFO] scene service booted
[:06-26_03-01-09][:00000032] LAUNCH snlua scene
[:06-26_03-01-09][:00000031] [INFO] chat service booted
[:06-26_03-01-09][:0000001c] ==================== DbOperate {"cond":{"name":"chatinfo"},"cmd":"LoadGlobal","module":"globaldb"}
[:06-26_03-01-09][:00000008] [INFO] gs all service booted
[:06-26_03-01-09][:00000008] KILL self
[:06-26_03-01-09][:00000002] KILL self
[:06-26_03-01-09][:00000032] [INFO] scene service booted
[:06-26_03-01-09][:00000033] LAUNCH snlua scene
[:06-26_03-01-09][:00000033] [INFO] scene service booted
[:06-26_03-01-09][:00000034] LAUNCH snlua scene
[:06-26_03-01-09][:00000034] [INFO] scene service booted
[:06-26_03-01-09][:00000035] LAUNCH snlua scene
[:06-26_03-01-09][:00000035] [INFO] scene service booted
[:06-26_03-01-09][:00000036] LAUNCH snlua scene
[:06-26_03-01-09][:00000036] [INFO] scene service booted
[:06-26_03-01-09][:00000037] LAUNCH snlua scene
[:06-26_03-01-10][:00000037] [INFO] scene service booted
[:06-26_03-01-10][:00000038] LAUNCH snlua scene
[:06-26_03-01-10][:00000038] [INFO] scene service booted
[:06-26_03-01-10][:00000039] LAUNCH snlua scene
[:06-26_03-01-10][:00000039] [INFO] scene service booted
[:06-26_03-01-10][:0000003a] LAUNCH snlua scene
[:06-26_03-01-10][:0000003a] [INFO] scene service booted
[:06-26_03-01-10][:0000003b] LAUNCH snlua scene
[:06-26_03-01-10][:0000003b] [INFO] scene service booted
[:06-26_03-01-10][:0000003c] LAUNCH snlua scene
[:06-26_03-01-11][:0000003c] [INFO] scene service booted
[:06-26_03-01-11][:0000003d] LAUNCH snlua scene
[:06-26_03-01-11][:0000003d] [INFO] scene service booted
[:06-26_03-01-11][:0000003e] LAUNCH snlua scene
[:06-26_03-01-11][:0000003e] [INFO] scene service booted
[:06-26_03-01-11][:0000003f] LAUNCH snlua war
[:06-26_03-01-12][:0000003f] [INFO] war service booted
[:06-26_03-01-12][:00000040] LAUNCH snlua war
[:06-26_03-01-12][:00000040] [INFO] war service booted
[:06-26_03-01-12][:00000042] LAUNCH snlua war
[:06-26_03-01-13][:00000042] [INFO] war service booted
[:06-26_03-01-13][:00000048] LAUNCH snlua war
[:06-26_03-01-13][:00000048] [INFO] war service booted
[:06-26_03-01-13][:00000049] LAUNCH snlua war
[:06-26_03-01-14][:00000049] [INFO] war service booted
[:06-26_03-01-14][:0000004a] LAUNCH snlua war
[:06-26_03-01-14][:0000004a] [INFO] war service booted
[:06-26_03-01-14][:0000004b] LAUNCH snlua war
[:06-26_03-01-15][:0000004b] [INFO] war service booted
[:06-26_03-01-15][:0000004c] LAUNCH snlua war
[:06-26_03-01-15][:0000004c] [INFO] war service booted
[:06-26_03-01-15][:0000004d] LAUNCH snlua war
[:06-26_03-01-16][:0000004d] [INFO] war service booted
[:06-26_03-01-16][:0000004e] LAUNCH snlua war
[:06-26_03-01-17][:0000004e] [INFO] war service booted
[:06-26_03-01-17][:0000004f] LAUNCH snlua war
[:06-26_03-01-17][:0000004f] [INFO] war service booted
[:06-26_03-01-17][:00000050] LAUNCH snlua war
[:06-26_03-01-18][:0000002c] warning: interactive check delay(10 sec) session:1 time:1750906868 addr:.gamedb1 module:common cmd:DbOperate
[:06-26_03-01-18][:00000050] [INFO] war service booted
[:06-26_03-01-18][:00000051] LAUNCH snlua war
[:06-26_03-01-19][:00000051] [INFO] war service booted
[:06-26_03-01-19][:00000052] LAUNCH snlua war
[:06-26_03-01-20][:00000052] [INFO] war service booted
[:06-26_03-01-20][:00000053] LAUNCH snlua war
[:06-26_03-01-20][:0000002c] warning: interactive check delay(12 sec) session:1 time:1750906868 addr:.gamedb1 module:common cmd:DbOperate
[:06-26_03-01-20][:00000053] [INFO] war service booted
[:06-26_03-01-20][:00000054] LAUNCH snlua player_send_proxy 1
[:06-26_03-01-20][:00000054] [INFO] player_send_proxy service booted
[:06-26_03-01-20][:00000055] LAUNCH snlua player_send_proxy 2
[:06-26_03-01-21][:00000055] [INFO] player_send_proxy service booted
[:06-26_03-01-21][:00000056] LAUNCH snlua player_send_proxy 3
[:06-26_03-01-21][:00000056] [INFO] player_send_proxy service booted
[:06-26_03-01-21][:00000057] LAUNCH snlua player_send_proxy 4
[:06-26_03-01-21][:00000057] [INFO] player_send_proxy service booted
[:06-26_03-01-21][:00000058] LAUNCH snlua player_send_proxy 5
[:06-26_03-01-21][:00000058] [INFO] player_send_proxy service booted
[:06-26_03-01-21][:00000059] LAUNCH snlua player_send_proxy 6
[:06-26_03-01-21][:00000059] [INFO] player_send_proxy service booted
[:06-26_03-01-21][:0000005a] LAUNCH snlua player_send_proxy 7
[:06-26_03-01-21][:0000005a] [INFO] player_send_proxy service booted
[:06-26_03-01-21][:0000005b] LAUNCH snlua player_send_proxy 8
[:06-26_03-01-22][:0000005b] [INFO] player_send_proxy service booted
[:06-26_03-01-22][:0000005c] LAUNCH snlua player_send_proxy 9
[:06-26_03-01-22][:0000005c] [INFO] player_send_proxy service booted
[:06-26_03-01-22][:0000005d] LAUNCH snlua player_send_proxy 10
[:06-26_03-01-22][:0000005d] [INFO] player_send_proxy service booted
[:06-26_03-01-22][:0000005e] LAUNCH snlua autoteam
[:06-26_03-01-22][:0000002c] warning: interactive check delay(14 sec) session:1 time:1750906868 addr:.gamedb1 module:common cmd:DbOperate
[:06-26_03-01-22][:0000005e] [INFO] autoteam service booted
[:06-26_03-01-22][:0000005f] LAUNCH snlua recommend
[:06-26_03-01-22][:0000005f] [INFO] recommend service booted
[:06-26_03-01-22][:0000001f] ==================== DbOperate {"cond":{"name":"chlgmatch"},"cmd":"LoadGlobal","module":"globaldb"}
[:06-26_03-01-22][:0000001c] ==================== DbOperate {"cond":{"name":"trialmatch"},"cmd":"LoadGlobal","module":"globaldb"}
[:06-26_03-01-22][:00000060] LAUNCH snlua rank
[:06-26_03-01-22][:0000001c] ==================== DbOperate {"cond":{"rank_name":"grade"},"cmd":"LoadRankByName","module":"rankdb"}
[:06-26_03-01-22][:0000001c] ==================== DbOperate {"cond":{"rank_name":"kaifu_grade"},"cmd":"LoadRankByName","module":"rankdb"}
[:06-26_03-01-22][:0000001c] ==================== DbOperate {"cond":{"rank_name":"kaifu_score"},"cmd":"LoadRankByName","module":"rankdb"}
[:06-26_03-01-22][:0000001c] ==================== DbOperate {"cond":{"rank_name":"kaifu_summon"},"cmd":"LoadRankByName","module":"rankdb"}
[:06-26_03-01-22][:0000001c] ==================== DbOperate {"cond":{"rank_name":"kaifu_org"},"cmd":"LoadRankByName","module":"rankdb"}
[:06-26_03-01-22][:0000001c] ==================== DbOperate {"cond":{"rank_name":"school_shushan"},"cmd":"LoadRankByName","module":"rankdb"}
[:06-26_03-01-22][:0000001c] ==================== DbOperate {"cond":{"rank_name":"school_jinshan"},"cmd":"LoadRankByName","module":"rankdb"}
[:06-26_03-01-22][:0000001c] ==================== DbOperate {"cond":{"rank_name":"school_taichu"},"cmd":"LoadRankByName","module":"rankdb"}
[:06-26_03-01-22][:0000001c] ==================== DbOperate {"cond":{"rank_name":"school_yaochi"},"cmd":"LoadRankByName","module":"rankdb"}
[:06-26_03-01-22][:0000001c] ==================== DbOperate {"cond":{"rank_name":"school_yaoshen"},"cmd":"LoadRankByName","module":"rankdb"}
[:06-26_03-01-22][:0000001c] ==================== DbOperate {"cond":{"rank_name":"school_qingshan"},"cmd":"LoadRankByName","module":"rankdb"}
[:06-26_03-01-22][:0000001c] ==================== DbOperate {"cond":{"rank_name":"jubaopen_score"},"cmd":"LoadRankByName","module":"rankdb"}
[:06-26_03-01-22][:0000001c] ==================== DbOperate {"cond":{"rank_name":"resume_goldcoin"},"cmd":"LoadRankByName","module":"rankdb"}
[:06-26_03-01-22][:0000001c] ==================== DbOperate {"cond":{"rank_name":"treasure_find"},"cmd":"LoadRankByName","module":"rankdb"}
[:06-26_03-01-22][:0000001c] ==================== DbOperate {"cond":{"rank_name":"fuyuan_box"},"cmd":"LoadRankByName","module":"rankdb"}
[:06-26_03-01-22][:0000001c] ==================== DbOperate {"cond":{"rank_name":"wash_summon"},"cmd":"LoadRankByName","module":"rankdb"}
[:06-26_03-01-22][:0000001c] ==================== DbOperate {"cond":{"rank_name":"make_equip"},"cmd":"LoadRankByName","module":"rankdb"}
[:06-26_03-01-22][:0000001c] ==================== DbOperate {"cond":{"rank_name":"send_flower"},"cmd":"LoadRankByName","module":"rankdb"}
[:06-26_03-01-22][:0000001c] ==================== DbOperate {"cond":{"rank_name":"kill_ghost"},"cmd":"LoadRankByName","module":"rankdb"}
[:06-26_03-01-22][:0000001c] ==================== DbOperate {"cond":{"rank_name":"kill_monster"},"cmd":"LoadRankByName","module":"rankdb"}
[:06-26_03-01-23][:0000001c] ==================== DbOperate {"cond":{"rank_name":"strength_equip"},"cmd":"LoadRankByName","module":"rankdb"}
[:06-26_03-01-23][:0000001c] ==================== DbOperate {"cond":{"rank_name":"luanshimoying_score"},"cmd":"LoadRankByName","module":"rankdb"}
[:06-26_03-01-23][:0000001c] ==================== DbOperate {"cond":{"rank_name":"imperialexam_firststage"},"cmd":"LoadRankByName","module":"rankdb"}
[:06-26_03-01-23][:0000001c] ==================== DbOperate {"cond":{"rank_name":"imperialexam_secondstage"},"cmd":"LoadRankByName","module":"rankdb"}
[:06-26_03-01-23][:0000001c] ==================== DbOperate {"cond":{"rank_name":"singlewar"},"cmd":"LoadRankByName","module":"rankdb"}
[:06-26_03-01-23][:0000001c] ==================== DbOperate {"cond":{"rank_name":"worldcup"},"cmd":"LoadRankByName","module":"rankdb"}
[:06-26_03-01-23][:0000001c] ==================== DbOperate {"cond":{"rank_name":"player_score"},"cmd":"LoadRankByName","module":"rankdb"}
[:06-26_03-01-23][:0000001c] ==================== DbOperate {"cond":{"rank_name":"role_score"},"cmd":"LoadRankByName","module":"rankdb"}
[:06-26_03-01-23][:0000001c] ==================== DbOperate {"cond":{"rank_name":"summon_score"},"cmd":"LoadRankByName","module":"rankdb"}
[:06-26_03-01-23][:0000001c] ==================== DbOperate {"cond":{"rank_name":"flower"},"cmd":"LoadRankByName","module":"rankdb"}
[:06-26_03-01-23][:0000001c] ==================== DbOperate {"cond":{"rank_name":"upvote"},"cmd":"LoadRankByName","module":"rankdb"}
[:06-26_03-01-23][:0000001c] ==================== DbOperate {"cond":{"rank_name":"jjc"},"cmd":"LoadRankByName","module":"rankdb"}
[:06-26_03-01-23][:0000001c] ==================== DbOperate {"cond":{"rank_name":"score_school"},"cmd":"LoadRankByName","module":"rankdb"}
[:06-26_03-01-23][:0000001c] ==================== DbOperate {"cond":{"rank_name":"grade_school"},"cmd":"LoadRankByName","module":"rankdb"}
[:06-26_03-01-23][:0000001c] ==================== DbOperate {"cond":{"rank_name":"baike"},"cmd":"LoadRankByName","module":"rankdb"}
[:06-26_03-01-23][:0000001c] ==================== DbOperate {"cond":{"rank_name":"biwu"},"cmd":"LoadRankByName","module":"rankdb"}
[:06-26_03-01-23][:0000001c] ==================== DbOperate {"cond":{"rank_name":"org_prestige"},"cmd":"LoadRankByName","module":"rankdb"}
[:06-26_03-01-23][:0000001c] ==================== DbOperate {"cond":{"rank_name":"threebiwu"},"cmd":"LoadRankByName","module":"rankdb"}
[:06-26_03-01-23][:0000001c] ==================== DbOperate {"cond":{"rank_name":"mengzhuplayer"},"cmd":"LoadRankByName","module":"rankdb"}
[:06-26_03-01-23][:00000060] [INFO] rank service booted
[:06-26_03-01-23][:0000001c] ==================== DbOperate {"cond":{"rank_name":"mengzhuorg"},"cmd":"LoadRankByName","module":"rankdb"}
[:06-26_03-01-23][:00000061] LAUNCH snlua version
[:06-26_03-01-23][:00000061] [INFO] version service booted
[:06-26_03-01-23][:0000001f] ==================== DbOperate {"cond":{"name":"limittimediscount"},"cmd":"LoadHuoDong","module":"huodongdb"}
[:06-26_03-01-23][:0000001f] ==================== DbOperate {"cond":{"name":"arena"},"cmd":"LoadHuoDong","module":"huodongdb"}
[:06-26_03-01-23][:0000001f] ==================== DbOperate {"cond":{"name":"hfdm"},"cmd":"LoadHuoDong","module":"huodongdb"}
[:06-26_03-01-23][:0000001c] ==================== DbOperate {"cond":{"name":"worldcup"},"cmd":"LoadHuoDong","module":"huodongdb"}
[:06-26_03-01-23][:0000001c] ==================== DbOperate {"cond":{"name":"jubaopen"},"cmd":"LoadHuoDong","module":"huodongdb"}
[:06-26_03-01-23][:0000001c] ==================== DbOperate {"cond":{"name":"festivalgift"},"cmd":"LoadHuoDong","module":"huodongdb"}
[:06-26_03-01-23][:0000001c] ==================== DbOperate {"cond":{"name":"drawcard"},"cmd":"LoadHuoDong","module":"huodongdb"}
[:06-26_03-01-23][:0000001e] ==================== DbOperate {"module":"huodongdb","cmd":"LoadHuoDong","cond":{"name":"activepoint"}}
[:06-26_03-01-23][:0000001e] ==================== DbOperate {"module":"huodongdb","cmd":"LoadHuoDong","cond":{"name":"orgwar"}}
[:06-26_03-01-23][:0000001e] ==================== DbOperate {"module":"huodongdb","cmd":"LoadHuoDong","cond":{"name":"dayexpense"}}
[:06-26_03-01-23][:0000001e] ==================== DbOperate {"module":"huodongdb","cmd":"LoadHuoDong","cond":{"name":"superrebate"}}
[:06-26_03-01-23][:0000001e] ==================== DbOperate {"module":"huodongdb","cmd":"LoadHuoDong","cond":{"name":"joyexpense"}}
[:06-26_03-01-23][:0000001d] ==================== DbOperate {"module":"huodongdb","cond":{"name":"treasureconvoy"},"cmd":"LoadHuoDong"}
[:06-26_03-01-23][:0000001d] ==================== DbOperate {"module":"huodongdb","cond":{"name":"fengyao"},"cmd":"LoadHuoDong"}
[:06-26_03-01-23][:0000001d] ==================== DbOperate {"module":"huodongdb","cond":{"name":"zeroyuan"},"cmd":"LoadHuoDong"}
[:06-26_03-01-23][:0000001d] ==================== DbOperate {"module":"huodongdb","cond":{"name":"kaifudianli"},"cmd":"LoadHuoDong"}
[:06-26_03-01-23][:0000001d] ==================== DbOperate {"module":"huodongdb","cond":{"name":"nianshou"},"cmd":"LoadHuoDong"}
[:06-26_03-01-23][:0000001c] ==================== DbOperate {"cond":{"name":"devil"},"cmd":"LoadHuoDong","module":"huodongdb"}
[:06-26_03-01-23][:0000001c] ==================== DbOperate {"cond":{"name":"jiebai"},"cmd":"LoadHuoDong","module":"huodongdb"}
[:06-26_03-01-23][:0000001c] ==================== DbOperate {"cond":{"name":"iteminvest"},"cmd":"LoadHuoDong","module":"huodongdb"}
[:06-26_03-01-23][:0000001c] ==================== DbOperate {"module":"orgdb","cmd":"GetAllOrgID"}
[:06-26_03-01-23][:0000001c] ==================== DbOperate {"module":"orgreadydb","cmd":"GetAllReadyOrgID"}
[:06-26_03-01-23][:0000001d] ==================== DbOperate {"module":"huodongdb","cond":{"name":"continuouscharge"},"cmd":"LoadHuoDong"}
[:06-26_03-01-23][:0000001d] ==================== DbOperate {"module":"huodongdb","cond":{"name":"qifu"},"cmd":"LoadHuoDong"}
[:06-26_03-01-23][:0000001d] ==================== DbOperate {"module":"huodongdb","cond":{"name":"everydayrank"},"cmd":"LoadHuoDong"}
[:06-26_03-01-23][:0000001d] ==================== DbOperate {"module":"huodongdb","cond":{"name":"duanwuqifu"},"cmd":"LoadHuoDong"}
[:06-26_03-01-23][:0000001d] ==================== DbOperate {"module":"huodongdb","cond":{"name":"liumai"},"cmd":"LoadHuoDong"}
[:06-26_03-01-23][:0000001e] ==================== DbOperate {"module":"huodongdb","cmd":"LoadHuoDong","cond":{"name":"collect"}}
[:06-26_03-01-23][:0000001e] ==================== DbOperate {"module":"huodongdb","cmd":"LoadHuoDong","cond":{"name":"mengzhu"}}
[:06-26_03-01-23][:0000001e] ==================== DbOperate {"module":"huodongdb","cmd":"LoadHuoDong","cond":{"name":"sevenlogin"}}
[:06-26_03-01-23][:0000001e] ==================== DbOperate {"module":"huodongdb","cmd":"LoadHuoDong","cond":{"name":"totalcharge"}}
[:06-26_03-01-23][:0000001e] ==================== DbOperate {"module":"huodongdb","cmd":"LoadHuoDong","cond":{"name":"fightgiftbag"}}
[:06-26_03-01-23][:0000001e] ==================== DbOperate {"module":"huodongdb","cmd":"LoadHuoDong","cond":{"name":"charge"}}
[:06-26_03-01-23][:0000001f] ==================== DbOperate {"cond":{"name":"goldcoinparty"},"cmd":"LoadHuoDong","module":"huodongdb"}
[:06-26_03-01-23][:0000001f] ==================== DbOperate {"cond":{"name":"luanshimoying"},"cmd":"LoadHuoDong","module":"huodongdb"}
[:06-26_03-01-23][:0000001f] ==================== DbOperate {"cond":{"name":"onlinegift"},"cmd":"LoadHuoDong","module":"huodongdb"}
[:06-26_03-01-23][:0000001f] ==================== DbOperate {"cond":{"name":"zongzigame"},"cmd":"LoadHuoDong","module":"huodongdb"}
[:06-26_03-01-23][:0000001f] ==================== DbOperate {"cond":{"name":"caishen"},"cmd":"LoadHuoDong","module":"huodongdb"}
[:06-26_03-01-23][:0000001f] ==================== DbOperate {"cond":{"name":"everydaycharge"},"cmd":"LoadHuoDong","module":"huodongdb"}
[:06-26_03-01-23][:0000001f] ==================== DbOperate {"cond":{"name":"continuousexpense"},"cmd":"LoadHuoDong","module":"huodongdb"}
[:06-26_03-01-23][:0000001f] ==================== DbOperate {"cond":{"name":"biwu"},"cmd":"LoadHuoDong","module":"huodongdb"}
[:06-26_03-01-23][:0000001f] ==================== DbOperate {"cond":{"name":"threebiwu"},"cmd":"LoadHuoDong","module":"huodongdb"}
[:06-26_03-01-23][:0000001f] ==================== DbOperate {"cond":{"name":"jjc"},"cmd":"LoadGlobal","module":"globaldb"}
[:06-26_03-01-23][:0000001f] ==================== DbOperate {"cond":{"name":"redpacket"},"cmd":"LoadGlobal","module":"globaldb"}
[:06-26_03-01-23][:0000001d] ==================== DbOperate {"module":"guild","cond":{"name":"guild"},"cmd":"LoadGuildData"}
[:06-26_03-01-23][:0000001c] ==================== DbOperate {"module":"stalldb","cmd":"LoadAllInfoFromStall"}
[:06-26_03-01-23][:0000001c] ==================== DbOperate {"cond":{"name":"stall_price"},"cmd":"LoadPriceByName","module":"pricedb"}
[:06-26_03-01-23][:0000001f] ==================== DbOperate {"module":"auctiondb","cmd":"LoadAuctionInfo"}
[:06-26_03-01-23][:00000062] LAUNCH snlua net_recv_proxy 44 handlenrp
[:06-26_03-01-23][:0000001c] ==================== DbOperate {"cond":{},"cmd":"LoadAllKuaFuInfo","module":"kuafudb"}
[:06-26_03-01-23][:0000001f] ==================== DbOperate {"cond":{"name":"yunyinginfo"},"cmd":"LoadGlobal","module":"globaldb"}
[:06-26_03-01-23][:0000001f] ==================== DbOperate {"cond":{"name":"engageinfo"},"cmd":"LoadGlobal","module":"globaldb"}
[:06-26_03-01-23][:0000001f] ==================== DbOperate {"cond":{"name":"marryinfo"},"cmd":"LoadGlobal","module":"globaldb"}
[:06-26_03-01-23][:0000001f] ==================== DbOperate {"cond":{"name":"mentoring"},"cmd":"LoadGlobal","module":"globaldb"}
[:06-26_03-01-23][:0000002c] [INFO] not match_info_week_4
[:06-26_03-01-23][:00000020] gate SetOpenStatus: 3
[:06-26_03-01-24][:00000062] [INFO] net_recv_proxy service booted
[:06-26_03-06-08][:0000001c] ==================== DbOperate {"cond":{"server_id":"gs10001"},"cmd":"SaveWorld","data":{"data":{"open_days":9,"orgid":0,"merger":{"has_merger":0,"merger_info":{},"last_merger":0},"server_grade":59,"sysmails":{"version":0,"mails":{}}}},"module":"worlddb"}
[:06-26_03-06-23][:0000001d] ==================== DbOperate {"module":"huodongdb","cond":{"name":"treasureconvoy"},"data":{"data":{"state":3,"times":{},"info":{}}},"cmd":"SaveHuoDong"}
[:06-26_03-06-23][:0000001d] ==================== DbOperate {"module":"huodongdb","cond":{"name":"zeroyuan"},"data":{"data":{"info":{}}},"cmd":"SaveHuoDong"}
[:06-26_03-06-23][:0000001d] ==================== DbOperate {"module":"huodongdb","cond":{"name":"nianshou"},"data":{"data":{"kill":0,"npcinfo":{}}},"cmd":"SaveHuoDong"}
[:06-26_03-06-23][:0000001c] ==================== DbOperate {"cond":{"name":"iteminvest"},"cmd":"SaveHuoDong","data":{"data":{"starttime":0,"version":0,"state":3,"rewardinfo":{},"rewardendtime":0,"mode":0,"endtime":0}},"module":"huodongdb"}
[:06-26_03-06-23][:0000001f] ==================== DbOperate {"cond":{"name":"limittimediscount"},"cmd":"SaveHuoDong","data":{"data":{"state":0,"info":{}}},"module":"huodongdb"}
[:06-26_03-06-23][:0000001f] ==================== DbOperate {"cond":{"name":"luanshimoying"},"cmd":"SaveHuoDong","data":{"data":{"last_all_done":0,"last_reset_time":1749445200,"last_boss_star":3,"last_refresh_time":1747345500,"boss":1002}},"module":"huodongdb"}
[:06-26_03-06-23][:0000001f] ==================== DbOperate {"cond":{"name":"onlinegift"},"cmd":"SaveHuoDong","data":{"data":{"info":{},"dayno":3097}},"module":"huodongdb"}
[:06-26_03-06-23][:0000001d] ==================== DbOperate {"module":"guild","cond":{"name":"guild"},"data":{"data":{"1227":{"data":{"price":3000,"last_price":3000,"amount":999999,"up_flag":0}},"1263":{"data":{"price":10000,"last_price":10000,"amount":999999,"up_flag":0}},"1046":{"data":{"price":4200,"last_price":4200,"amount":999999,"up_flag":0}},"1211":{"data":{"price":6000,"last_price":6000,"amount":999999,"up_flag":0}},"1129":{"data":{"price":3000,"last_price":3000,"amount":999999,"up_flag":0}},"1048":{"data":{"price":4200,"last_price":4200,"amount":999999,"up_flag":0}},"1230":{"data":{"price":8000,"last_price":8000,"amount":999999,"up_flag":0}},"1036":{"data":{"price":2100,"last_price":2100,"amount":999999,"up_flag":0}},"1195":{"data":{"price":20000,"last_price":20000,"amount":999999,"up_flag":0}},"1165":{"data":{"price":90000,"last_price":90000,"amount":999999,"up_flag":0}},"1174":{"data":{"price":3000,"last_price":3000,"amount":999999,"up_flag":0}},"1120":{"data":{"price":600,"last_price":600,"amount":999999,"up_flag":0}},"1207":{"data":{"price":3000,"last_price":3000,"amount":999999,"up_flag":0}},"1168":{"data":{"price":20000,"last_price":20000,"amount":999999,"up_flag":0}},"1149":{"data":{"price":40000,"last_price":40000,"amount":999999,"up_flag":0}},"1184":{"data":{"price":300000,"last_price":300000,"amount":999999,"up_flag":0}},"1039":{"data":{"price":4200,"last_price":4200,"amount":999999,"up_flag":0}},"1015":{"data":{"price":1050,"last_price":1050,"amount":999999,"up_flag":0}},"1245":{"data":{"price":2000,"last_price":2000,"amount":999999,"up_flag":0}},"1156":{"data":{"price":15000,"last_price":15000,"amount":999999,"up_flag":0}},"1106":{"data":{"price":18000,"last_price":18000,"amount":999999,"up_flag":0}},"1262":{"data":{"price":7500,"last_price":7500,"amount":999999,"up_flag":0}},"1222":{"data":{"price":3000,"last_price":3000,"amount":999999,"up_flag":0}},"1240":{"data":{"price":15000,"last_price":15000,"amount":999999,"up_flag":0}},"1130":{"data":{"price":4000,"last_price":4000,"amount":999999,"up_flag":0}},"1237":{"data":{"price":40000,"last_price":40000,"amount":999999,"up_flag":0}},"1178":{"data":{"price":20000,"last_price":20000,"amount":999999,"up_flag":0}},"1170":{"data":{"price":10000,"last_price":10000,"amount":999999,"up_flag":0}},"1136":{"data":{"price":1500,"last_price":1500,"amount":999999,"up_flag":0}},"1186":{"data":{"price":6000,"last_price":6000,"amount":999999,"up_flag":0}},"1020":{"data":{"price":1050,"last_price":1050,"amount":999999,"up_flag":0}},"1026":{"data":{"price":2100,"last_price":2100,"amount":999999,"up_flag":0}},"1158":{"data":{"price":10000,"last_price":10000,"amount":999999,"up_flag":0}},"1260":{"data":{"price":4500,"last_price":4500,"amount":999999,"up_flag":0}},"1198":{"data":{"price":2600,"last_price":2600,"amount":999999,"up_flag":0}},"1210":{"data":{"price":2000,"last_price":2000,"amount":999999,"up_flag":0}},"1183":{"data":{"price":5000,"last_price":5000,"amount":999999,"up_flag":0}},"1145":{"data":{"price":120000,"last_price":120000,"amount":999999,"up_flag":0}},"1139":{"data":{"price":80000,"last_price":80000,"amount":999999,"up_flag":0}},"1250":{"data":{"price":35000,"last_price":35000,"amount":999999,"up_flag":0}},"1206":{"data":{"price":3000,"last_price":3000,"amount":999999,"up_flag":0}},"1162":{"data":{"price":35000,"last_price":35000,"amount":999999,"up_flag":0}},"1224":{"data":{"price":10000,"last_price":10000,"amount":999999,"up_flag":0}},"1122":{"data":{"price":600,"last_price":600,"amount":999999,"up_flag":0}},"1030":{"data":{"price":2100,"last_price":2100,"amount":999999,"up_flag":0}},"1012":{"data":{"price":500,"last_price":500,"amount":999999,"up_flag":0}},"1236":{"data":{"price":500,"last_price":500,"amount":999999,"up_flag":0}},"1119":{"data":{"price":2000,"last_price":2000,"amount":999999,"up_flag":0}},"1247":{"data":{"price":60000,"last_price":60000,"amount":999999,"up_flag":0}},"1142":{"data":{"price":10000,"last_price":10000,"amount":999999,"up_flag":0}},"1126":{"data":{"price":1000,"last_price":1000,"amount":999999,"up_flag":0}},"1001":{"data":{"price":4000,"last_price":4000,"amount":999999,"up_flag":0}},"1160":{"data":{"price":15000,"last_price":15000,"amount":999999,"up_flag":0}},"1041":{"data":{"price":4200,"last_price":4200,"amount":999999,"up_flag":0}},"1110":{"data":{"price":2500,"last_price":2500,"amount":999999,"up_flag":0}},"1116":{"data":{"price":7000,"last_price":7000,"amount":999999,"up_flag":0}},"1151":{"data":{"price":50000,"last_price":50000,"amount":999999,"up_flag":0}},"1239":{"data":{"price":10000,"last_price":10000,"amount":999999,"up_flag":0}},"1194":{"data":{"price":10000,"last_price":10000,"amount":999999,"up_flag":0}},"1029":{"data":{"price":2100,"last_price":2100,"amount":999999,"up_flag":0}},"1255":{"data":{"price":500,"last_price":500,"amount":999999,"up_flag":0}},"1022":{"data":{"price":1050,"last_price":1050,"amount":999999,"up_flag":0}},"1037":{"data":{"price":4200,"last_price":4200,"amount":999999,"up_flag":0}},"1265":{"data":{"price":13000,"last_price":13000,"amount":999999,"up_flag":0}},"1114":{"data":{"price":2000,"last_price":2000,"amount":999999,"up_flag":0}},"1021":{"data":{"price":1050,"last_price":1050,"amount":999999,"up_flag":0}},"1244":{"data":{"price":2000,"last_price":2000,"amount":999999,"up_flag":0}},"1220":{"data":{"price":3000,"last_price":3000,"amount":999999,"up_flag":0}},"1107":{"data":{"price":8000,"last_price":8000,"amount":999999,"up_flag":0}},"1105":{"data":{"price":26000,"last_price":26000,"amount":999999,"up_flag":0}},"1187":{"data":{"price":6500,"last_price":6500,"amount":999999,"up_flag":0}},"1216":{"data":{"price":3000,"last_price":3000,"amount":999999,"up_flag":0}},"1113":{"data":{"price":10000,"last_price":10000,"amount":999999,"up_flag":0}},"1251":{"data":{"price":2500,"last_price":2500,"amount":999999,"up_flag":0}},"1115":{"data":{"price":4000,"last_price":4000,"amount":999999,"up_flag":0}},"1238":{"data":{"price":50000,"last_price":50000,"amount":999999,"up_flag":0}},"1197":{"data":{"price":2600,"last_price":2600,"amount":999999,"up_flag":0}},"1100":{"data":{"price":10000,"last_price":10000,"amount":999999,"up_flag":0}},"1137":{"data":{"price":1500,"last_price":1500,"amount":999999,"up_flag":0}},"1172":{"data":{"price":10000,"last_price":10000,"amount":999999,"up_flag":0}},"1047":{"data":{"price":4200,"last_price":4200,"amount":999999,"up_flag":0}},"1024":{"data":{"price":1050,"last_price":1050,"amount":999999,"up_flag":0}},"1109":{"data":{"price":7000,"last_price":7000,"amount":999999,"up_flag":0}},"1208":{"data":{"price":2000,"last_price":2000,"amount":999999,"up_flag":0}},"1254":{"data":{"price":10000,"last_price":10000,"amount":999999,"up_flag":0}},"1182":{"data":{"price":5000,"last_price":5000,"amount":999999,"up_flag":0}},"1214":{"data":{"price":2000,"last_price":2000,"amount":999999,"up_flag":0}},"1173":{"data":{"price":10000,"last_price":10000,"amount":999999,"up_flag":0}},"1121":{"data":{"price":600,"last_price":600,"amount":999999,"up_flag":0}},"1212":{"data":{"price":2000,"last_price":2000,"amount":999999,"up_flag":0}},"1218":{"data":{"price":3000,"last_price":3000,"amount":999999,"up_flag":0}},"1203":{"data":{"price":2600,"last_price":2600,"amount":999999,"up_flag":0}},"1133":{"data":{"price":31000,"last_price":31000,"amount":999999,"up_flag":0}},"1215":{"data":{"price":3000,"last_price":3000,"amount":999999,"up_flag":0}},"1231":{"data":{"price":3000,"last_price":3000,"amount":999999,"up_flag":0}},"1241":{"data":{"price":35000,"last_price":35000,"amount":999999,"up_flag":0}},"1104":{"data":{"price":10000,"last_price":10000,"amount":999999,"up_flag":0}},"1223":{"data":{"price":10000,"last_price":10000,"amount":999999,"up_flag":0}},"1035":{"data":{"price":2100,"last_price":2100,"amount":999999,"up_flag":0}},"1266":{"data":{"price":1000,"last_price":1000,"amount":999999,"up_flag":0}},"1013":{"data":{"price":1050,"last_price":1050,"amount":999999,"up_flag":0}},"1134":{"data":{"price":1500,"last_price":1500,"amount":999999,"up_flag":0}},"1031":{"data":{"price":2100,"last_price":2100,"amount":999999,"up_flag":0}},"1157":{"data":{"price":15000,"last_price":15000,"amount":999999,"up_flag":0}},"1132":{"data":{"price":1000,"last_price":1000,"amount":999999,"up_flag":0}},"1143":{"data":{"price":10000,"last_price":10000,"amount":999999,"up_flag":0}},"1007":{"data":{"price":10000,"last_price":10000,"amount":999999,"up_flag":0}},"1167":{"data":{"price":30000,"last_price":30000,"amount":999999,"up_flag":0}},"1118":{"data":{"price":2000,"last_price":2000,"amount":999999,"up_flag":0}},"1191":{"data":{"price":2400,"last_price":2400,"amount":999999,"up_flag":0}},"1124":{"data":{"price":3000,"last_price":3000,"amount":999999,"up_flag":0}},"1043":{"data":{"price":4200,"last_price":4200,"amount":999999,"up_flag":0}},"1099":{"data":{"price":4000,"last_price":4000,"amount":999999,"up_flag":0}},"1164":{"data":{"price":10000,"last_price":10000,"amount":999999,"up_flag":0}},"1177":{"data":{"price":3000,"last_price":3000,"amount":999999,"up_flag":0}},"1180":{"data":{"price":20000,"last_price":20000,"amount":999999,"up_flag":0}},"1038":{"data":{"price":4200,"last_price":4200,"amount":999999,"up_flag":0}},"1246":{"data":{"price":80000,"last_price":80000,"amount":999999,"up_flag":0}},"1112":{"data":{"price":2500,"last_price":2500,"amount":999999,"up_flag":0}},"1221":{"data":{"price":3000,"last_price":3000,"amount":999999,"up_flag":0}},"1019":{"data":{"price":1050,"last_price":1050,"amount":999999,"up_flag":0}},"1032":{"data":{"price":2100,"last_price":2100,"amount":999999,"up_flag":0}},"1242":{"data":{"price":2000,"last_price":2000,"amount":999999,"up_flag":0}},"1017":{"data":{"price":1050,"last_price":1050,"amount":999999,"up_flag":0}},"1103":{"data":{"price":22000,"last_price":22000,"amount":999999,"up_flag":0}},"1044":{"data":{"price":4200,"last_price":4200,"amount":999999,"up_flag":0}},"1181":{"data":{"price":3000,"last_price":3000,"amount":999999,"up_flag":0}},"1179":{"data":{"price":40000,"last_price":40000,"amount":999999,"up_flag":0}},"1202":{"data":{"price":3400,"last_price":3400,"amount":999999,"up_flag":0}},"1204":{"data":{"price":2600,"last_price":2600,"amount":999999,"up_flag":0}},"1234":{"data":{"price":9600,"last_price":9600,"amount":999999,"up_flag":0}},"1228":{"data":{"price":7500,"last_price":7500,"amount":999999,"up_flag":0}},"1159":{"data":{"price":10000,"last_price":10000,"amount":999999,"up_flag":0}},"1155":{"data":{"price":50000,"last_price":50000,"amount":999999,"up_flag":0}},"1101":{"data":{"price":10000,"last_price":10000,"amount":999999,"up_flag":0}},"1147":{"data":{"price":150000,"last_price":150000,"amount":999999,"up_flag":0}},"1233":{"data":{"price":2400,"last_price":2400,"amount":999999,"up_flag":0}},"1002":{"data":{"price":10000,"last_price":10000,"amount":999999,"up_flag":0}},"1028":{"data":{"price":2100,"last_price":2100,"amount":999999,"up_flag":0}},"1176":{"data":{"price":3000,"last_price":3000,"amount":999999,"up_flag":0}},"1027":{"data":{"price":2100,"last_price":2100,"amount":999999,"up_flag":0}},"1163":{"data":{"price":0,"last_price":0,"amount":999999,"up_flag":0}},"1229":{"data":{"price":8000,"last_price":8000,"amount":999999,"up_flag":0}},"1213":{"data":{"price":5000,"last_price":5000,"amount":999999,"up_flag":0}},"1161":{"data":{"price":50000,"last_price":50000,"amount":999999,"up_flag":0}},"1140":{"data":{"price":80000,"last_price":80000,"amount":999999,"up_flag":0}},"1033":{"data":{"price":2100,"last_price":2100,"amount":999999,"up_flag":0}},"1252":{"data":{"price":2500,"last_price":2500,"amount":999999,"up_flag":0}},"1040":{"data":{"price":4200,"last_price":4200,"amount":999999,"up_flag":0}},"1248":{"data":{"price":40000,"last_price":40000,"amount":999999,"up_flag":0}},"1169":{"data":{"price":30000,"last_price":30000,"amount":999999,"up_flag":0}},"1108":{"data":{"price":4000,"last_price":4000,"amount":999999,"up_flag":0}},"1014":{"data":{"price":1050,"last_price":1050,"amount":999999,"up_flag":0}},"1023":{"data":{"price":1050,"last_price":1050,"amount":999999,"up_flag":0}},"1205":{"data":{"price":3400,"last_price":3400,"amount":999999,"up_flag":0}},"1264":{"data":{"price":2000,"last_price":2000,"amount":999999,"up_flag":0}},"1144":{"data":{"price":45000,"last_price":45000,"amount":999999,"up_flag":0}},"1243":{"data":{"price":10000,"last_price":10000,"amount":999999,"up_flag":0}},"1196":{"data":{"price":3400,"last_price":3400,"amount":999999,"up_flag":0}},"1102":{"data":{"price":0,"last_price":0,"amount":999999,"up_flag":0}},"1166":{"data":{"price":120000,"last_price":120000,"amount":999999,"up_flag":0}},"1097":{"data":{"price":2000,"last_price":2000,"amount":999999,"up_flag":0}},"1128":{"data":{"price":9000,"last_price":9000,"amount":999999,"up_flag":0}},"1098":{"data":{"price":8000,"last_price":8000,"amount":999999,"up_flag":0}},"1253":{"data":{"price":2500,"last_price":2500,"amount":999999,"up_flag":0}},"1217":{"data":{"price":3000,"last_price":3000,"amount":999999,"up_flag":0}},"1045":{"data":{"price":4200,"last_price":4200,"amount":999999,"up_flag":0}},"1042":{"data":{"price":4200,"last_price":4200,"amount":999999,"up_flag":0}},"1150":{"data":{"price":50000,"last_price":50000,"amount":999999,"up_flag":0}},"1201":{"data":{"price":2600,"last_price":2600,"amount":999999,"up_flag":0}},"1200":{"data":{"price":3400,"last_price":3400,"amount":999999,"up_flag":0}},"1127":{"data":{"price":0,"last_price":0,"amount":999999,"up_flag":0}},"1138":{"data":{"price":80000,"last_price":80000,"amount":999999,"up_flag":0}},"1018":{"data":{"price":1050,"last_price":1050,"amount":999999,"up_flag":0}},"1025":{"data":{"price":2100,"last_price":2100,"amount":999999,"up_flag":0}},"1192":{"data":{"price":100,"last_price":100,"amount":999999,"up_flag":0}},"1267":{"data":{"price":1000,"last_price":1000,"amount":999999,"up_flag":0}},"1225":{"data":{"price":10000,"last_price":10000,"amount":999999,"up_flag":0}},"1152":{"data":{"price":20000,"last_price":20000,"amount":999999,"up_flag":0}},"1154":{"data":{"price":20000,"last_price":20000,"amount":999999,"up_flag":0}},"1148":{"data":{"price":100000,"last_price":100000,"amount":999999,"up_flag":0}},"1219":{"data":{"price":3000,"last_price":3000,"amount":999999,"up_flag":0}},"1171":{"data":{"price":10000,"last_price":10000,"amount":999999,"up_flag":0}},"1259":{"data":{"price":1000,"last_price":1000,"amount":999999,"up_flag":0}},"1016":{"data":{"price":1050,"last_price":1050,"amount":999999,"up_flag":0}},"1141":{"data":{"price":80000,"last_price":80000,"amount":999999,"up_flag":0}},"1268":{"data":{"price":1000,"last_price":1000,"amount":999999,"up_flag":0}},"1123":{"data":{"price":600,"last_price":600,"amount":999999,"up_flag":0}},"1209":{"data":{"price":200,"last_price":200,"amount":999999,"up_flag":0}},"1193":{"data":{"price":5600,"last_price":5600,"amount":999999,"up_flag":0}},"1135":{"data":{"price":1500,"last_price":1500,"amount":999999,"up_flag":0}},"1199":{"data":{"price":3400,"last_price":3400,"amount":999999,"up_flag":0}},"1185":{"data":{"price":2000,"last_price":2000,"amount":999999,"up_flag":0}},"1131":{"data":{"price":600,"last_price":600,"amount":999999,"up_flag":0}},"1117":{"data":{"price":2000,"last_price":2000,"amount":999999,"up_flag":0}},"1125":{"data":{"price":4000,"last_price":4000,"amount":999999,"up_flag":0}},"1034":{"data":{"price":2100,"last_price":2100,"amount":999999,"up_flag":0}},"1153":{"data":{"price":0,"last_price":0,"amount":999999,"up_flag":0}},"1146":{"data":{"price":15000,"last_price":15000,"amount":999999,"up_flag":0}},"1232":{"data":{"price":600,"last_price":600,"amount":999999,"up_flag":0}},"1111":{"data":{"price":3000,"last_price":3000,"amount":999999,"up_flag":0}},"1175":{"data":{"price":3000,"last_price":3000,"amount":999999,"up_flag":0}}}},"cmd":"SaveGuildData"}
[:06-26_03-06-23][:0000001f] ==================== DbOperate {"cond":{"name":"jjc"},"cmd":"SaveGlobal","data":{"data":{"robot":{"414":{"weapon":21003,"name":"蜀山精英","school":1,"shape":1110,"icon":1110,"grade":47},"514":{"weapon":21303,"name":"太初精英","school":3,"shape":1220,"icon":1220,"grade":45},"214":{"weapon":21403,"name":"妖神宫精英","school":6,"shape":1310,"icon":1310,"grade":49},"314":{"weapon":21103,"name":"金山寺精英","school":2,"shape":1120,"icon":1120,"grade":47},"814":{"weapon":21002,"name":"蜀山精英","school":1,"shape":1110,"icon":1110,"grade":37},"914":{"weapon":21102,"name":"蜀山精英","school":1,"shape":1120,"icon":1120,"grade":36},"614":{"weapon":21403,"name":"妖神宫精英","school":6,"shape":1310,"icon":1310,"grade":45},"714":{"weapon":21202,"name":"太初精英","school":3,"shape":1210,"icon":1210,"grade":38},"910":{"weapon":21202,"name":"瑶池精英","school":4,"shape":1210,"icon":1210,"grade":36},"810":{"weapon":21402,"name":"妖神宫精英","school":6,"shape":1310,"icon":1310,"grade":36},"710":{"weapon":21402,"name":"妖神宫精英","school":6,"shape":1310,"icon":1310,"grade":38},"610":{"weapon":21303,"name":"瑶池精英","school":4,"shape":1220,"icon":1220,"grade":45},"114":{"weapon":21303,"name":"瑶池精英","school":4,"shape":1220,"icon":1220,"grade":49},"410":{"weapon":21103,"name":"金山寺精英","school":2,"shape":1120,"icon":1120,"grade":47},"310":{"weapon":21203,"name":"瑶池精英","school":4,"shape":1210,"icon":1210,"grade":47},"903":{"weapon":21002,"name":"金山寺精英","school":2,"shape":1110,"icon":1110,"grade":37},"803":{"weapon":21002,"name":"金山寺精英","school":2,"shape":1110,"icon":1110,"grade":37},"703":{"weapon":21002,"name":"蜀山精英","school":1,"shape":1110,"icon":1110,"grade":37},"603":{"weapon":21203,"name":"太初精英","school":3,"shape":1210,"icon":1210,"grade":44},"503":{"weapon":21103,"name":"蜀山精英","school":1,"shape":1120,"icon":1120,"grade":45},"403":{"weapon":21003,"name":"金山寺精英","school":2,"shape":1110,"icon":1110,"grade":47},"303":{"weapon":21003,"name":"蜀山精英","school":1,"shape":1110,"icon":1110,"grade":46},"504":{"weapon":21203,"name":"瑶池精英","school":4,"shape":1210,"icon":1210,"grade":44},"404":{"weapon":21003,"name":"金山寺精英","school":2,"shape":1110,"icon":1110,"grade":46},"304":{"weapon":21203,"name":"太初精英","school":3,"shape":1210,"icon":1210,"grade":47},"204":{"weapon":21303,"name":"太初精英","school":3,"shape":1220,"icon":1220,"grade":49},"904":{"weapon":21202,"name":"太初精英","school":3,"shape":1210,"icon":1210,"grade":36},"804":{"weapon":21402,"name":"妖神宫精英","school":6,"shape":1310,"icon":1310,"grade":38},"704":{"weapon":21302,"name":"太初精英","school":3,"shape":1220,"icon":1220,"grade":36},"604":{"weapon":21103,"name":"蜀山精英","school":1,"shape":1120,"icon":1120,"grade":45},"203":{"weapon":21203,"name":"太初精英","school":3,"shape":1210,"icon":1210,"grade":48},"103":{"weapon":21403,"name":"妖神宫精英","school":6,"shape":1310,"icon":1310,"grade":49},"349":{"weapon":21403,"name":"妖神宫精英","school":6,"shape":1310,"icon":1310,"grade":46},"249":{"weapon":21303,"name":"太初精英","school":3,"shape":1220,"icon":1220,"grade":49},"104":{"weapon":21003,"name":"金山寺精英","school":2,"shape":1110,"icon":1110,"grade":48},"849":{"weapon":21202,"name":"瑶池精英","school":4,"shape":1210,"icon":1210,"grade":36},"749":{"weapon":21102,"name":"蜀山精英","school":1,"shape":1120,"icon":1120,"grade":38},"649":{"weapon":21203,"name":"太初精英","school":3,"shape":1210,"icon":1210,"grade":45},"556":{"weapon":21203,"name":"太初精英","school":3,"shape":1210,"icon":1210,"grade":45},"656":{"weapon":21203,"name":"瑶池精英","school":4,"shape":1210,"icon":1210,"grade":45},"756":{"weapon":21402,"name":"妖神宫精英","school":6,"shape":1310,"icon":1310,"grade":36},"856":{"weapon":21202,"name":"太初精英","school":3,"shape":1210,"icon":1210,"grade":38},"149":{"weapon":21003,"name":"金山寺精英","school":2,"shape":1110,"icon":1110,"grade":49},"256":{"weapon":21003,"name":"金山寺精英","school":2,"shape":1110,"icon":1110,"grade":46},"356":{"weapon":21003,"name":"金山寺精英","school":2,"shape":1110,"icon":1110,"grade":46},"456":{"weapon":21103,"name":"蜀山精英","school":1,"shape":1120,"icon":1120,"grade":44},"317":{"weapon":21003,"name":"金山寺精英","school":2,"shape":1110,"icon":1110,"grade":46},"217":{"weapon":21303,"name":"瑶池精英","school":4,"shape":1220,"icon":1220,"grade":48},"517":{"weapon":21303,"name":"瑶池精英","school":4,"shape":1220,"icon":1220,"grade":44},"417":{"weapon":21203,"name":"太初精英","school":3,"shape":1210,"icon":1210,"grade":46},"717":{"weapon":21302,"name":"瑶池精英","school":4,"shape":1220,"icon":1220,"grade":38},"617":{"weapon":21103,"name":"金山寺精英","school":2,"shape":1120,"icon":1120,"grade":44},"917":{"weapon":21102,"name":"蜀山精英","school":1,"shape":1120,"icon":1120,"grade":38},"817":{"weapon":21402,"name":"青城精英","school":5,"shape":1310,"icon":1310,"grade":37},"534":{"weapon":21203,"name":"瑶池精英","school":4,"shape":1210,"icon":1210,"grade":44},"634":{"weapon":21203,"name":"太初精英","school":3,"shape":1210,"icon":1210,"grade":44},"734":{"weapon":21002,"name":"蜀山精英","school":1,"shape":1110,"icon":1110,"grade":37},"834":{"weapon":21202,"name":"瑶池精英","school":4,"shape":1210,"icon":1210,"grade":36},"134":{"weapon":21003,"name":"金山寺精英","school":2,"shape":1110,"icon":1110,"grade":48},"234":{"weapon":21203,"name":"瑶池精英","school":4,"shape":1210,"icon":1210,"grade":49},"334":{"weapon":21003,"name":"蜀山精英","school":1,"shape":1110,"icon":1110,"grade":46},"434":{"weapon":21203,"name":"太初精英","school":3,"shape":1210,"icon":1210,"grade":47},"439":{"weapon":21103,"name":"蜀山精英","school":1,"shape":1120,"icon":1120,"grade":47},"539":{"weapon":21203,"name":"瑶池精英","school":4,"shape":1210,"icon":1210,"grade":45},"239":{"weapon":21103,"name":"金山寺精英","school":2,"shape":1120,"icon":1120,"grade":49},"339":{"weapon":21103,"name":"金山寺精英","school":2,"shape":1120,"icon":1120,"grade":46},"839":{"weapon":21202,"name":"瑶池精英","school":4,"shape":1210,"icon":1210,"grade":38},"939":{"weapon":21202,"name":"太初精英","school":3,"shape":1210,"icon":1210,"grade":37},"639":{"weapon":21103,"name":"蜀山精英","school":1,"shape":1120,"icon":1120,"grade":44},"739":{"weapon":21302,"name":"瑶池精英","school":4,"shape":1220,"icon":1220,"grade":37},"102":{"weapon":21203,"name":"太初精英","school":3,"shape":1210,"icon":1210,"grade":49},"206":{"weapon":21403,"name":"青城精英","school":5,"shape":1310,"icon":1310,"grade":49},"506":{"weapon":21403,"name":"青城精英","school":5,"shape":1310,"icon":1310,"grade":45},"406":{"weapon":21303,"name":"太初精英","school":3,"shape":1220,"icon":1220,"grade":47},"947":{"weapon":21202,"name":"太初精英","school":3,"shape":1210,"icon":1210,"grade":36},"139":{"weapon":21103,"name":"金山寺精英","school":2,"shape":1120,"icon":1120,"grade":48},"906":{"weapon":21202,"name":"瑶池精英","school":4,"shape":1210,"icon":1210,"grade":38},"6":{"weapon":21204,"name":"太初精英","shape":1210,"school":3,"fuhun":1,"icon":1210,"grade":57},"547":{"weapon":21203,"name":"太初精英","school":3,"shape":1210,"icon":1210,"grade":45},"647":{"weapon":21003,"name":"金山寺精英","school":2,"shape":1110,"icon":1110,"grade":45},"747":{"weapon":21402,"name":"妖神宫精英","school":6,"shape":1310,"icon":1310,"grade":37},"847":{"weapon":21402,"name":"妖神宫精英","school":6,"shape":1310,"icon":1310,"grade":37},"147":{"weapon":21403,"name":"妖神宫精英","school":6,"shape":1310,"icon":1310,"grade":49},"247":{"weapon":21103,"name":"蜀山精英","school":1,"shape":1120,"icon":1120,"grade":48},"106":{"weapon":21403,"name":"青城精英","school":5,"shape":1310,"icon":1310,"grade":49},"447":{"weapon":21403,"name":"青城精英","school":5,"shape":1310,"icon":1310,"grade":47},"29":{"weapon":21404,"name":"青城精英","shape":1310,"school":5,"fuhun":1,"icon":1310,"grade":53},"524":{"weapon":21303,"name":"太初精英","school":3,"shape":1220,"icon":1220,"grade":45},"824":{"weapon":21102,"name":"蜀山精英","school":1,"shape":1120,"icon":1120,"grade":36},"39":{"weapon":21404,"name":"妖神宫精英","shape":1310,"school":6,"fuhun":1,"icon":1310,"grade":53},"224":{"weapon":21203,"name":"太初精英","school":3,"shape":1210,"icon":1210,"grade":49},"124":{"weapon":21003,"name":"蜀山精英","school":1,"shape":1110,"icon":1110,"grade":48},"424":{"weapon":21003,"name":"金山寺精英","school":2,"shape":1110,"icon":1110,"grade":46},"324":{"weapon":21203,"name":"太初精英","school":3,"shape":1210,"icon":1210,"grade":46},"329":{"weapon":21003,"name":"金山寺精英","school":2,"shape":1110,"icon":1110,"grade":47},"229":{"weapon":21203,"name":"太初精英","school":3,"shape":1210,"icon":1210,"grade":49},"529":{"weapon":21203,"name":"瑶池精英","school":4,"shape":1210,"icon":1210,"grade":44},"429":{"weapon":21303,"name":"太初精英","school":3,"shape":1220,"icon":1220,"grade":46},"729":{"weapon":21302,"name":"瑶池精英","school":4,"shape":1220,"icon":1220,"grade":37},"629":{"weapon":21003,"name":"蜀山精英","school":1,"shape":1110,"icon":1110,"grade":44},"929":{"weapon":21002,"name":"金山寺精英","school":2,"shape":1110,"icon":1110,"grade":37},"829":{"weapon":21002,"name":"蜀山精英","school":1,"shape":1110,"icon":1110,"grade":37},"129":{"weapon":21103,"name":"蜀山精英","school":1,"shape":1120,"icon":1120,"grade":48},"99":{"weapon":21304,"name":"太初精英","shape":1220,"school":3,"fuhun":1,"icon":1220,"grade":50},"934":{"weapon":21302,"name":"太初精英","school":3,"shape":1220,"icon":1220,"grade":38},"59":{"weapon":21304,"name":"瑶池精英","shape":1220,"school":4,"fuhun":1,"icon":1220,"grade":50},"89":{"weapon":21404,"name":"青城精英","shape":1310,"school":5,"fuhun":1,"icon":1310,"grade":50},"79":{"weapon":21404,"name":"青城精英","shape":1310,"school":5,"fuhun":1,"icon":1310,"grade":50},"18":{"weapon":21004,"name":"金山寺精英","shape":1110,"school":2,"fuhun":1,"icon":1110,"grade":55},"28":{"weapon":21404,"name":"青城精英","shape":1310,"school":5,"fuhun":1,"icon":1310,"grade":53},"38":{"weapon":21304,"name":"太初精英","shape":1220,"school":3,"fuhun":1,"icon":1220,"grade":52},"48":{"weapon":21104,"name":"金山寺精英","shape":1120,"school":2,"fuhun":1,"icon":1120,"grade":52},"935":{"weapon":21302,"name":"太初精英","school":3,"shape":1220,"icon":1220,"grade":38},"991":{"weapon":21202,"name":"太初精英","school":3,"shape":1210,"icon":1210,"grade":38},"791":{"weapon":21402,"name":"青城精英","school":5,"shape":1310,"icon":1310,"grade":36},"535":{"weapon":21403,"name":"妖神宫精英","school":6,"shape":1310,"icon":1310,"grade":45},"835":{"weapon":21202,"name":"太初精英","school":3,"shape":1210,"icon":1210,"grade":36},"735":{"weapon":21102,"name":"金山寺精英","school":2,"shape":1120,"icon":1120,"grade":38},"235":{"weapon":21203,"name":"太初精英","school":3,"shape":1210,"icon":1210,"grade":49},"135":{"weapon":21003,"name":"蜀山精英","school":1,"shape":1110,"icon":1110,"grade":49},"819":{"weapon":21402,"name":"青城精英","school":5,"shape":1310,"icon":1310,"grade":37},"335":{"weapon":21103,"name":"金山寺精英","school":2,"shape":1120,"icon":1120,"grade":46},"753":{"weapon":21002,"name":"金山寺精英","school":2,"shape":1110,"icon":1110,"grade":36},"167":{"weapon":21403,"name":"妖神宫精英","school":6,"shape":1310,"icon":1310,"grade":48},"289":{"weapon":21403,"name":"青城精英","school":5,"shape":1310,"icon":1310,"grade":46},"142":{"weapon":21303,"name":"太初精英","school":3,"shape":1220,"icon":1220,"grade":48},"1":{"partners":[10003,10002,10007,10006],"weapon":21204,"shape":1210,"summongrade":64,"grade":59,"partnergrade":57,"name":"瑶池精英","summonsid":1002,"school":4,"fuhun":1,"icon":1210,"isinit":true},"119":{"weapon":21203,"name":"太初精英","school":3,"shape":1210,"icon":1210,"grade":48},"98":{"weapon":21204,"name":"瑶池精英","shape":1210,"school":4,"fuhun":1,"icon":1210,"grade":50},"50":{"weapon":21404,"name":"妖神宫精英","shape":1310,"school":6,"fuhun":1,"icon":1310,"grade":53},"248":{"weapon":21203,"name":"瑶池精英","school":4,"shape":1210,"icon":1210,"grade":48},"165":{"weapon":21303,"name":"太初精英","school":3,"shape":1220,"icon":1220,"grade":49},"58":{"weapon":21204,"name":"太初精英","shape":1210,"school":3,"fuhun":1,"icon":1210,"grade":51},"68":{"weapon":21204,"name":"太初精英","shape":1210,"school":3,"fuhun":1,"icon":1210,"grade":51},"78":{"weapon":21304,"name":"瑶池精英","shape":1220,"school":4,"fuhun":1,"icon":1220,"grade":51},"88":{"weapon":21404,"name":"妖神宫精英","shape":1310,"school":6,"fuhun":1,"icon":1310,"grade":50},"17":{"weapon":21204,"name":"瑶池精英","shape":1210,"school":4,"fuhun":1,"icon":1210,"grade":54},"989":{"weapon":21302,"name":"太初精英","school":3,"shape":1220,"icon":1220,"grade":37},"889":{"weapon":21002,"name":"金山寺精英","school":2,"shape":1110,"icon":1110,"grade":38},"789":{"weapon":21102,"name":"金山寺精英","school":2,"shape":1120,"icon":1120,"grade":36},"57":{"weapon":21004,"name":"金山寺精英","shape":1110,"school":2,"fuhun":1,"icon":1110,"grade":50},"981":{"weapon":21202,"name":"太初精英","school":3,"shape":1210,"icon":1210,"grade":37},"37":{"weapon":21304,"name":"瑶池精英","shape":1220,"school":4,"fuhun":1,"icon":1220,"grade":52},"27":{"weapon":21404,"name":"青城精英","shape":1310,"school":5,"fuhun":1,"icon":1310,"grade":53},"681":{"weapon":21203,"name":"太初精英","school":3,"shape":1210,"icon":1210,"grade":45},"625":{"weapon":21103,"name":"蜀山精英","school":1,"shape":1120,"icon":1120,"grade":44},"881":{"weapon":21402,"name":"妖神宫精英","school":6,"shape":1310,"icon":1310,"grade":37},"781":{"weapon":21002,"name":"金山寺精英","school":2,"shape":1110,"icon":1110,"grade":37},"125":{"weapon":21203,"name":"瑶池精英","school":4,"shape":1210,"icon":1210,"grade":48},"225":{"weapon":21103,"name":"金山寺精英","school":2,"shape":1120,"icon":1120,"grade":48},"325":{"weapon":21403,"name":"青城精英","school":5,"shape":1310,"icon":1310,"grade":47},"381":{"weapon":21303,"name":"太初精英","school":3,"shape":1220,"icon":1220,"grade":47},"692":{"weapon":21203,"name":"瑶池精英","school":4,"shape":1210,"icon":1210,"grade":45},"592":{"weapon":21403,"name":"青城精英","school":5,"shape":1310,"icon":1310,"grade":44},"892":{"weapon":21302,"name":"瑶池精英","school":4,"shape":1220,"icon":1220,"grade":38},"792":{"weapon":21202,"name":"太初精英","school":3,"shape":1210,"icon":1210,"grade":38},"292":{"weapon":21103,"name":"蜀山精英","school":1,"shape":1120,"icon":1120,"grade":46},"192":{"weapon":21403,"name":"妖神宫精英","school":6,"shape":1310,"icon":1310,"grade":48},"492":{"weapon":21203,"name":"太初精英","school":3,"shape":1210,"icon":1210,"grade":44},"392":{"weapon":21003,"name":"蜀山精英","school":1,"shape":1110,"icon":1110,"grade":46},"97":{"weapon":21104,"name":"蜀山精英","shape":1120,"school":1,"fuhun":1,"icon":1120,"grade":51},"87":{"weapon":21004,"name":"金山寺精英","shape":1110,"school":2,"fuhun":1,"icon":1110,"grade":50},"77":{"weapon":21404,"name":"青城精英","shape":1310,"school":5,"fuhun":1,"icon":1310,"grade":51},"67":{"weapon":21404,"name":"妖神宫精英","shape":1310,"school":6,"fuhun":1,"icon":1310,"grade":50},"443":{"weapon":21103,"name":"蜀山精英","school":1,"shape":1120,"icon":1120,"grade":46},"343":{"weapon":21303,"name":"太初精英","school":3,"shape":1220,"icon":1220,"grade":47},"243":{"weapon":21003,"name":"金山寺精英","school":2,"shape":1110,"icon":1110,"grade":48},"116":{"weapon":21303,"name":"瑶池精英","school":4,"shape":1220,"icon":1220,"grade":49},"979":{"weapon":21402,"name":"青城精英","school":5,"shape":1310,"icon":1310,"grade":37},"16":{"weapon":21004,"name":"蜀山精英","shape":1110,"school":1,"fuhun":1,"icon":1110,"grade":55},"870":{"weapon":21202,"name":"瑶池精英","school":4,"shape":1210,"icon":1210,"grade":37},"879":{"weapon":21302,"name":"太初精英","school":3,"shape":1220,"icon":1220,"grade":38},"971":{"weapon":21302,"name":"太初精英","school":3,"shape":1220,"icon":1220,"grade":38},"170":{"weapon":21103,"name":"金山寺精英","school":2,"shape":1120,"icon":1120,"grade":49},"26":{"weapon":21204,"name":"瑶池精英","shape":1210,"school":4,"fuhun":1,"icon":1210,"grade":52},"36":{"weapon":21304,"name":"太初精英","shape":1220,"school":3,"fuhun":1,"icon":1220,"grade":53},"515":{"weapon":21003,"name":"蜀山精英","school":1,"shape":1110,"icon":1110,"grade":45},"415":{"weapon":21403,"name":"妖神宫精英","school":6,"shape":1310,"icon":1310,"grade":46},"315":{"weapon":21003,"name":"金山寺精英","school":2,"shape":1110,"icon":1110,"grade":46},"215":{"weapon":21403,"name":"青城精英","school":5,"shape":1310,"icon":1310,"grade":49},"915":{"weapon":21102,"name":"金山寺精英","school":2,"shape":1120,"icon":1120,"grade":36},"815":{"weapon":21202,"name":"太初精英","school":3,"shape":1210,"icon":1210,"grade":36},"371":{"weapon":21003,"name":"金山寺精英","school":2,"shape":1110,"icon":1110,"grade":47},"471":{"weapon":21403,"name":"妖神宫精英","school":6,"shape":1310,"icon":1310,"grade":45},"143":{"weapon":21303,"name":"太初精英","school":3,"shape":1220,"icon":1220,"grade":49},"369":{"weapon":21003,"name":"蜀山精英","school":1,"shape":1110,"icon":1110,"grade":47},"558":{"weapon":21303,"name":"瑶池精英","school":4,"shape":1220,"icon":1220,"grade":44},"161":{"weapon":21003,"name":"金山寺精英","school":2,"shape":1110,"icon":1110,"grade":48},"115":{"weapon":21103,"name":"蜀山精英","school":1,"shape":1120,"icon":1120,"grade":49},"543":{"weapon":21303,"name":"太初精英","school":3,"shape":1220,"icon":1220,"grade":45},"466":{"weapon":21203,"name":"太初精英","school":3,"shape":1210,"icon":1210,"grade":45},"788":{"weapon":21202,"name":"太初精英","school":3,"shape":1210,"icon":1210,"grade":36},"207":{"weapon":21103,"name":"蜀山精英","school":1,"shape":1120,"icon":1120,"grade":49},"307":{"weapon":21403,"name":"妖神宫精英","school":6,"shape":1310,"icon":1310,"grade":46},"407":{"weapon":21403,"name":"青城精英","school":5,"shape":1310,"icon":1310,"grade":46},"76":{"weapon":21204,"name":"太初精英","shape":1210,"school":3,"fuhun":1,"icon":1210,"grade":50},"607":{"weapon":21303,"name":"太初精英","school":3,"shape":1220,"icon":1220,"grade":45},"707":{"weapon":21102,"name":"金山寺精英","school":2,"shape":1120,"icon":1120,"grade":37},"807":{"weapon":21102,"name":"蜀山精英","school":1,"shape":1120,"icon":1120,"grade":38},"907":{"weapon":21402,"name":"青城精英","school":5,"shape":1310,"icon":1310,"grade":36},"869":{"weapon":21102,"name":"蜀山精英","school":1,"shape":1120,"icon":1120,"grade":36},"769":{"weapon":21102,"name":"蜀山精英","school":1,"shape":1120,"icon":1120,"grade":38},"15":{"weapon":21404,"name":"妖神宫精英","shape":1310,"school":6,"fuhun":1,"icon":1310,"grade":55},"969":{"weapon":21202,"name":"太初精英","school":3,"shape":1210,"icon":1210,"grade":38},"35":{"weapon":21004,"name":"金山寺精英","shape":1110,"school":2,"fuhun":1,"icon":1110,"grade":52},"25":{"weapon":21104,"name":"蜀山精英","shape":1120,"school":1,"fuhun":1,"icon":1120,"grade":53},"55":{"weapon":21404,"name":"妖神宫精英","shape":1310,"school":6,"fuhun":1,"icon":1310,"grade":50},"107":{"weapon":21403,"name":"青城精英","school":5,"shape":1310,"icon":1310,"grade":49},"405":{"weapon":21103,"name":"蜀山精英","school":1,"shape":1120,"icon":1120,"grade":46},"505":{"weapon":21303,"name":"太初精英","school":3,"shape":1220,"icon":1220,"grade":44},"205":{"weapon":21403,"name":"妖神宫精英","school":6,"shape":1310,"icon":1310,"grade":48},"305":{"weapon":21303,"name":"瑶池精英","school":4,"shape":1220,"icon":1220,"grade":47},"805":{"weapon":21302,"name":"瑶池精英","school":4,"shape":1220,"icon":1220,"grade":37},"905":{"weapon":21302,"name":"瑶池精英","school":4,"shape":1220,"icon":1220,"grade":36},"605":{"weapon":21003,"name":"蜀山精英","school":1,"shape":1110,"icon":1110,"grade":45},"705":{"weapon":21202,"name":"太初精英","school":3,"shape":1210,"icon":1210,"grade":38},"963":{"weapon":21202,"name":"瑶池精英","school":4,"shape":1210,"icon":1210,"grade":36},"943":{"weapon":21202,"name":"瑶池精英","school":4,"shape":1210,"icon":1210,"grade":37},"275":{"weapon":21103,"name":"金山寺精英","school":2,"shape":1120,"icon":1120,"grade":46},"370":{"weapon":21203,"name":"太初精英","school":3,"shape":1210,"icon":1210,"grade":46},"993":{"weapon":21002,"name":"蜀山精英","school":1,"shape":1110,"icon":1110,"grade":36},"105":{"weapon":21203,"name":"太初精英","school":3,"shape":1210,"icon":1210,"grade":49},"367":{"weapon":21403,"name":"妖神宫精英","school":6,"shape":1310,"icon":1310,"grade":47},"101":{"weapon":21303,"name":"太初精英","school":3,"shape":1220,"icon":1220,"grade":49},"75":{"weapon":21404,"name":"妖神宫精英","shape":1310,"school":6,"fuhun":1,"icon":1310,"grade":51},"65":{"weapon":21404,"name":"青城精英","shape":1310,"school":5,"fuhun":1,"icon":1310,"grade":50},"793":{"weapon":21302,"name":"太初精英","school":3,"shape":1220,"icon":1220,"grade":37},"85":{"weapon":21104,"name":"蜀山精英","shape":1120,"school":1,"fuhun":1,"icon":1120,"grade":50},"193":{"weapon":21403,"name":"妖神宫精英","school":6,"shape":1310,"icon":1310,"grade":48},"970":{"weapon":21302,"name":"太初精英","school":3,"shape":1220,"icon":1220,"grade":36},"393":{"weapon":21103,"name":"蜀山精英","school":1,"shape":1120,"icon":1120,"grade":47},"493":{"weapon":21403,"name":"青城精英","school":5,"shape":1310,"icon":1310,"grade":44},"890":{"weapon":21002,"name":"蜀山精英","school":1,"shape":1110,"icon":1110,"grade":36},"790":{"weapon":21002,"name":"蜀山精英","school":1,"shape":1110,"icon":1110,"grade":37},"690":{"weapon":21103,"name":"蜀山精英","school":1,"shape":1120,"icon":1120,"grade":45},"590":{"weapon":21303,"name":"太初精英","school":3,"shape":1220,"icon":1220,"grade":44},"490":{"weapon":21403,"name":"妖神宫精英","school":6,"shape":1310,"icon":1310,"grade":45},"390":{"weapon":21403,"name":"妖神宫精英","school":6,"shape":1310,"icon":1310,"grade":47},"290":{"weapon":21203,"name":"瑶池精英","school":4,"shape":1210,"icon":1210,"grade":46},"190":{"weapon":21003,"name":"蜀山精英","school":1,"shape":1110,"icon":1110,"grade":49},"375":{"weapon":21403,"name":"青城精英","school":5,"shape":1310,"icon":1310,"grade":47},"242":{"weapon":21003,"name":"金山寺精英","school":2,"shape":1110,"icon":1110,"grade":48},"47":{"weapon":21104,"name":"蜀山精英","shape":1120,"school":1,"fuhun":1,"icon":1120,"grade":53},"488":{"weapon":21303,"name":"太初精英","school":3,"shape":1220,"icon":1220,"grade":45},"388":{"weapon":21003,"name":"蜀山精英","school":1,"shape":1110,"icon":1110,"grade":46},"688":{"weapon":21003,"name":"蜀山精英","school":1,"shape":1110,"icon":1110,"grade":45},"588":{"weapon":21003,"name":"金山寺精英","school":2,"shape":1110,"icon":1110,"grade":44},"402":{"weapon":21203,"name":"瑶池精英","school":4,"shape":1210,"icon":1210,"grade":46},"925":{"weapon":21002,"name":"蜀山精英","school":1,"shape":1110,"icon":1110,"grade":36},"11":{"weapon":21004,"name":"蜀山精英","shape":1110,"school":1,"fuhun":1,"icon":1110,"grade":55},"21":{"weapon":21304,"name":"太初精英","shape":1220,"school":3,"fuhun":1,"icon":1220,"grade":53},"31":{"weapon":21404,"name":"妖神宫精英","shape":1310,"school":6,"fuhun":1,"icon":1310,"grade":53},"41":{"weapon":21404,"name":"青城精英","shape":1310,"school":5,"fuhun":1,"icon":1310,"grade":52},"51":{"weapon":21004,"name":"蜀山精英","shape":1110,"school":1,"fuhun":1,"icon":1110,"grade":51},"61":{"weapon":21104,"name":"蜀山精英","shape":1120,"school":1,"fuhun":1,"icon":1120,"grade":50},"983":{"weapon":21102,"name":"金山寺精英","school":2,"shape":1120,"icon":1120,"grade":36},"883":{"weapon":21002,"name":"金山寺精英","school":2,"shape":1110,"icon":1110,"grade":38},"783":{"weapon":21002,"name":"金山寺精英","school":2,"shape":1110,"icon":1110,"grade":37},"683":{"weapon":21203,"name":"瑶池精英","school":4,"shape":1210,"icon":1210,"grade":45},"583":{"weapon":21303,"name":"太初精英","school":3,"shape":1220,"icon":1220,"grade":45},"483":{"weapon":21203,"name":"太初精英","school":3,"shape":1210,"icon":1210,"grade":45},"383":{"weapon":21003,"name":"蜀山精英","school":1,"shape":1110,"icon":1110,"grade":46},"283":{"weapon":21003,"name":"蜀山精英","school":1,"shape":1110,"icon":1110,"grade":47},"183":{"weapon":21303,"name":"太初精英","school":3,"shape":1220,"icon":1220,"grade":49},"71":{"weapon":21304,"name":"太初精英","shape":1220,"school":3,"fuhun":1,"icon":1220,"grade":50},"81":{"weapon":21304,"name":"太初精英","shape":1220,"school":3,"fuhun":1,"icon":1220,"grade":50},"91":{"weapon":21204,"name":"太初精英","shape":1210,"school":3,"fuhun":1,"icon":1210,"grade":51},"333":{"weapon":21203,"name":"瑶池精英","school":4,"shape":1210,"icon":1210,"grade":47},"433":{"weapon":21203,"name":"太初精英","school":3,"shape":1210,"icon":1210,"grade":47},"533":{"weapon":21003,"name":"蜀山精英","school":1,"shape":1110,"icon":1110,"grade":45},"998":{"weapon":21202,"name":"瑶池精英","school":4,"shape":1210,"icon":1210,"grade":36},"263":{"weapon":21303,"name":"瑶池精英","school":4,"shape":1220,"icon":1220,"grade":46},"279":{"weapon":21003,"name":"蜀山精英","school":1,"shape":1110,"icon":1110,"grade":46},"179":{"weapon":21403,"name":"青城精英","school":5,"shape":1310,"icon":1310,"grade":48},"479":{"weapon":21403,"name":"青城精英","school":5,"shape":1310,"icon":1310,"grade":44},"379":{"weapon":21203,"name":"太初精英","school":3,"shape":1210,"icon":1210,"grade":47},"679":{"weapon":21203,"name":"瑶池精英","school":4,"shape":1210,"icon":1210,"grade":45},"579":{"weapon":21103,"name":"金山寺精英","school":2,"shape":1120,"icon":1120,"grade":45},"198":{"weapon":21203,"name":"太初精英","school":3,"shape":1210,"icon":1210,"grade":48},"298":{"weapon":21203,"name":"瑶池精英","school":4,"shape":1210,"icon":1210,"grade":46},"397":{"weapon":21003,"name":"金山寺精英","school":2,"shape":1110,"icon":1110,"grade":47},"598":{"weapon":21403,"name":"妖神宫精英","school":6,"shape":1310,"icon":1310,"grade":45},"698":{"weapon":21403,"name":"青城精英","school":5,"shape":1310,"icon":1310,"grade":45},"398":{"weapon":21103,"name":"金山寺精英","school":2,"shape":1120,"icon":1120,"grade":46},"498":{"weapon":21003,"name":"金山寺精英","school":2,"shape":1110,"icon":1110,"grade":44},"796":{"weapon":21402,"name":"妖神宫精英","school":6,"shape":1310,"icon":1310,"grade":38},"973":{"weapon":21102,"name":"蜀山精英","school":1,"shape":1120,"icon":1120,"grade":37},"896":{"weapon":21202,"name":"瑶池精英","school":4,"shape":1210,"icon":1210,"grade":38},"773":{"weapon":21302,"name":"太初精英","school":3,"shape":1220,"icon":1220,"grade":38},"873":{"weapon":21402,"name":"妖神宫精英","school":6,"shape":1310,"icon":1310,"grade":38},"573":{"weapon":21403,"name":"青城精英","school":5,"shape":1310,"icon":1310,"grade":45},"673":{"weapon":21303,"name":"瑶池精英","school":4,"shape":1220,"icon":1220,"grade":45},"373":{"weapon":21103,"name":"蜀山精英","school":1,"shape":1120,"icon":1120,"grade":47},"473":{"weapon":21203,"name":"瑶池精英","school":4,"shape":1210,"icon":1210,"grade":45},"173":{"weapon":21403,"name":"妖神宫精英","school":6,"shape":1310,"icon":1310,"grade":49},"990":{"weapon":21102,"name":"金山寺精英","school":2,"shape":1120,"icon":1120,"grade":37},"297":{"weapon":21103,"name":"金山寺精英","school":2,"shape":1120,"icon":1120,"grade":46},"197":{"weapon":21103,"name":"金山寺精英","school":2,"shape":1120,"icon":1120,"grade":49},"20":{"weapon":21204,"name":"太初精英","shape":1210,"school":3,"fuhun":1,"icon":1210,"grade":55},"10":{"weapon":21304,"name":"太初精英","shape":1220,"school":3,"fuhun":1,"icon":1220,"grade":56},"40":{"weapon":21104,"name":"金山寺精英","shape":1120,"school":2,"fuhun":1,"icon":1120,"grade":53},"2":{"partners":[10006,10010,10012,10003],"weapon":21204,"shape":1210,"summongrade":62,"grade":57,"partnergrade":55,"name":"太初精英","summonsid":1001,"school":3,"fuhun":1,"icon":1210,"isinit":true},"30":{"weapon":21204,"name":"瑶池精英","shape":1210,"school":4,"fuhun":1,"icon":1210,"grade":52},"955":{"weapon":21402,"name":"妖神宫精英","school":6,"shape":1310,"icon":1310,"grade":37},"855":{"weapon":21102,"name":"金山寺精英","school":2,"shape":1120,"icon":1120,"grade":37},"755":{"weapon":21202,"name":"太初精英","school":3,"shape":1210,"icon":1210,"grade":37},"655":{"weapon":21003,"name":"金山寺精英","school":2,"shape":1110,"icon":1110,"grade":45},"555":{"weapon":21403,"name":"妖神宫精英","school":6,"shape":1310,"icon":1310,"grade":45},"455":{"weapon":21303,"name":"瑶池精英","school":4,"shape":1220,"icon":1220,"grade":45},"355":{"weapon":21203,"name":"太初精英","school":3,"shape":1210,"icon":1210,"grade":46},"982":{"weapon":21202,"name":"瑶池精英","school":4,"shape":1210,"icon":1210,"grade":38},"155":{"weapon":21003,"name":"金山寺精英","school":2,"shape":1110,"icon":1110,"grade":49},"782":{"weapon":21202,"name":"瑶池精英","school":4,"shape":1210,"icon":1210,"grade":36},"882":{"weapon":21002,"name":"蜀山精英","school":1,"shape":1110,"icon":1110,"grade":36},"582":{"weapon":21103,"name":"金山寺精英","school":2,"shape":1120,"icon":1120,"grade":45},"682":{"weapon":21203,"name":"瑶池精英","school":4,"shape":1210,"icon":1210,"grade":45},"382":{"weapon":21203,"name":"太初精英","school":3,"shape":1210,"icon":1210,"grade":46},"482":{"weapon":21303,"name":"太初精英","school":3,"shape":1220,"icon":1220,"grade":45},"182":{"weapon":21103,"name":"金山寺精英","school":2,"shape":1120,"icon":1120,"grade":49},"282":{"weapon":21303,"name":"瑶池精英","school":4,"shape":1220,"icon":1220,"grade":47},"60":{"weapon":21204,"name":"太初精英","shape":1210,"school":3,"fuhun":1,"icon":1210,"grade":51},"163":{"weapon":21103,"name":"蜀山精英","school":1,"shape":1120,"icon":1120,"grade":49},"261":{"weapon":21003,"name":"金山寺精英","school":2,"shape":1110,"icon":1110,"grade":47},"296":{"weapon":21203,"name":"瑶池精英","school":4,"shape":1210,"icon":1210,"grade":47},"396":{"weapon":21003,"name":"金山寺精英","school":2,"shape":1110,"icon":1110,"grade":47},"269":{"weapon":21003,"name":"蜀山精英","school":1,"shape":1110,"icon":1110,"grade":46},"596":{"weapon":21303,"name":"太初精英","school":3,"shape":1220,"icon":1220,"grade":45},"450":{"weapon":21003,"name":"金山寺精英","school":2,"shape":1110,"icon":1110,"grade":46},"189":{"weapon":21303,"name":"太初精英","school":3,"shape":1220,"icon":1220,"grade":48},"921":{"weapon":21202,"name":"太初精英","school":3,"shape":1210,"icon":1210,"grade":38},"821":{"weapon":21402,"name":"妖神宫精英","school":6,"shape":1310,"icon":1310,"grade":38},"721":{"weapon":21302,"name":"太初精英","school":3,"shape":1220,"icon":1220,"grade":36},"621":{"weapon":21203,"name":"瑶池精英","school":4,"shape":1210,"icon":1210,"grade":44},"521":{"weapon":21303,"name":"太初精英","school":3,"shape":1220,"icon":1220,"grade":45},"421":{"weapon":21303,"name":"瑶池精英","school":4,"shape":1220,"icon":1220,"grade":47},"321":{"weapon":21103,"name":"蜀山精英","school":1,"shape":1120,"icon":1120,"grade":46},"745":{"weapon":21202,"name":"瑶池精英","school":4,"shape":1210,"icon":1210,"grade":38},"845":{"weapon":21102,"name":"金山寺精英","school":2,"shape":1120,"icon":1120,"grade":36},"545":{"weapon":21203,"name":"太初精英","school":3,"shape":1210,"icon":1210,"grade":44},"645":{"weapon":21203,"name":"太初精英","school":3,"shape":1210,"icon":1210,"grade":44},"345":{"weapon":21303,"name":"瑶池精英","school":4,"shape":1220,"icon":1220,"grade":46},"445":{"weapon":21403,"name":"青城精英","school":5,"shape":1310,"icon":1310,"grade":46},"145":{"weapon":21103,"name":"蜀山精英","school":1,"shape":1120,"icon":1120,"grade":49},"245":{"weapon":21203,"name":"瑶池精英","school":4,"shape":1210,"icon":1210,"grade":48},"872":{"weapon":21402,"name":"妖神宫精英","school":6,"shape":1310,"icon":1310,"grade":36},"772":{"weapon":21002,"name":"金山寺精英","school":2,"shape":1110,"icon":1110,"grade":37},"672":{"weapon":21203,"name":"太初精英","school":3,"shape":1210,"icon":1210,"grade":44},"572":{"weapon":21103,"name":"蜀山精英","school":1,"shape":1120,"icon":1120,"grade":45},"472":{"weapon":21203,"name":"太初精英","school":3,"shape":1210,"icon":1210,"grade":45},"372":{"weapon":21303,"name":"瑶池精英","school":4,"shape":1220,"icon":1220,"grade":46},"272":{"weapon":21203,"name":"太初精英","school":3,"shape":1210,"icon":1210,"grade":46},"172":{"weapon":21003,"name":"蜀山精英","school":1,"shape":1110,"icon":1110,"grade":49},"221":{"weapon":21403,"name":"青城精英","school":5,"shape":1310,"icon":1310,"grade":48},"121":{"weapon":21303,"name":"瑶池精英","school":4,"shape":1220,"icon":1220,"grade":49},"389":{"weapon":21203,"name":"太初精英","school":3,"shape":1210,"icon":1210,"grade":47},"489":{"weapon":21003,"name":"金山寺精英","school":2,"shape":1110,"icon":1110,"grade":45},"589":{"weapon":21403,"name":"青城精英","school":5,"shape":1310,"icon":1310,"grade":44},"689":{"weapon":21403,"name":"妖神宫精英","school":6,"shape":1310,"icon":1310,"grade":45},"987":{"weapon":21202,"name":"瑶池精英","school":4,"shape":1210,"icon":1210,"grade":36},"787":{"weapon":21402,"name":"妖神宫精英","school":6,"shape":1310,"icon":1310,"grade":37},"911":{"weapon":21402,"name":"青城精英","school":5,"shape":1310,"icon":1310,"grade":37},"854":{"weapon":21402,"name":"妖神宫精英","school":6,"shape":1310,"icon":1310,"grade":38},"711":{"weapon":21302,"name":"瑶池精英","school":4,"shape":1220,"icon":1220,"grade":38},"811":{"weapon":21102,"name":"金山寺精英","school":2,"shape":1120,"icon":1120,"grade":36},"354":{"weapon":21403,"name":"青城精英","school":5,"shape":1310,"icon":1310,"grade":46},"454":{"weapon":21003,"name":"蜀山精英","school":1,"shape":1110,"icon":1110,"grade":45},"311":{"weapon":21003,"name":"蜀山精英","school":1,"shape":1110,"icon":1110,"grade":47},"254":{"weapon":21403,"name":"青城精英","school":5,"shape":1310,"icon":1310,"grade":47},"887":{"weapon":21402,"name":"妖神宫精英","school":6,"shape":1310,"icon":1310,"grade":37},"276":{"weapon":21103,"name":"蜀山精英","school":1,"shape":1120,"icon":1120,"grade":47},"299":{"weapon":21003,"name":"蜀山精英","school":1,"shape":1110,"icon":1110,"grade":47},"428":{"weapon":21303,"name":"瑶池精英","school":4,"shape":1220,"icon":1220,"grade":47},"469":{"weapon":21303,"name":"太初精英","school":3,"shape":1220,"icon":1220,"grade":44},"159":{"weapon":21103,"name":"蜀山精英","school":1,"shape":1120,"icon":1120,"grade":48},"475":{"weapon":21303,"name":"瑶池精英","school":4,"shape":1220,"icon":1220,"grade":45},"926":{"weapon":21102,"name":"金山寺精英","school":2,"shape":1120,"icon":1120,"grade":38},"826":{"weapon":21302,"name":"瑶池精英","school":4,"shape":1220,"icon":1220,"grade":36},"726":{"weapon":21002,"name":"蜀山精英","school":1,"shape":1110,"icon":1110,"grade":37},"626":{"weapon":21103,"name":"蜀山精英","school":1,"shape":1120,"icon":1120,"grade":44},"526":{"weapon":21203,"name":"瑶池精英","school":4,"shape":1210,"icon":1210,"grade":45},"426":{"weapon":21103,"name":"蜀山精英","school":1,"shape":1120,"icon":1120,"grade":47},"326":{"weapon":21303,"name":"太初精英","school":3,"shape":1220,"icon":1220,"grade":46},"927":{"weapon":21302,"name":"瑶池精英","school":4,"shape":1220,"icon":1220,"grade":38},"126":{"weapon":21203,"name":"瑶池精英","school":4,"shape":1210,"icon":1210,"grade":48},"111":{"weapon":21303,"name":"太初精英","school":3,"shape":1220,"icon":1220,"grade":49},"827":{"weapon":21102,"name":"金山寺精英","school":2,"shape":1120,"icon":1120,"grade":37},"527":{"weapon":21303,"name":"瑶池精英","school":4,"shape":1220,"icon":1220,"grade":45},"627":{"weapon":21403,"name":"妖神宫精英","school":6,"shape":1310,"icon":1310,"grade":45},"327":{"weapon":21203,"name":"太初精英","school":3,"shape":1210,"icon":1210,"grade":47},"924":{"weapon":21002,"name":"金山寺精英","school":2,"shape":1110,"icon":1110,"grade":36},"127":{"weapon":21403,"name":"青城精英","school":5,"shape":1310,"icon":1310,"grade":49},"227":{"weapon":21403,"name":"青城精英","school":5,"shape":1310,"icon":1310,"grade":49},"844":{"weapon":21002,"name":"金山寺精英","school":2,"shape":1110,"icon":1110,"grade":38},"744":{"weapon":21102,"name":"蜀山精英","school":1,"shape":1120,"icon":1120,"grade":38},"644":{"weapon":21403,"name":"青城精英","school":5,"shape":1310,"icon":1310,"grade":45},"901":{"weapon":21402,"name":"妖神宫精英","school":6,"shape":1310,"icon":1310,"grade":36},"444":{"weapon":21003,"name":"蜀山精英","school":1,"shape":1110,"icon":1110,"grade":47},"301":{"weapon":21403,"name":"妖神宫精英","school":6,"shape":1310,"icon":1310,"grade":47},"601":{"weapon":21403,"name":"妖神宫精英","school":6,"shape":1310,"icon":1310,"grade":44},"909":{"weapon":21302,"name":"太初精英","school":3,"shape":1220,"icon":1220,"grade":36},"809":{"weapon":21102,"name":"蜀山精英","school":1,"shape":1120,"icon":1120,"grade":38},"709":{"weapon":21102,"name":"金山寺精英","school":2,"shape":1120,"icon":1120,"grade":38},"609":{"weapon":21203,"name":"瑶池精英","school":4,"shape":1210,"icon":1210,"grade":45},"509":{"weapon":21403,"name":"妖神宫精英","school":6,"shape":1310,"icon":1310,"grade":44},"409":{"weapon":21103,"name":"蜀山精英","school":1,"shape":1120,"icon":1120,"grade":47},"309":{"weapon":21003,"name":"蜀山精英","school":1,"shape":1110,"icon":1110,"grade":46},"209":{"weapon":21003,"name":"金山寺精英","school":2,"shape":1110,"icon":1110,"grade":48},"109":{"weapon":21003,"name":"金山寺精英","school":2,"shape":1110,"icon":1110,"grade":49},"420":{"weapon":21003,"name":"金山寺精英","school":2,"shape":1110,"icon":1110,"grade":46},"56":{"weapon":21004,"name":"蜀山精英","shape":1110,"school":1,"fuhun":1,"icon":1110,"grade":50},"46":{"weapon":21404,"name":"青城精英","shape":1310,"school":5,"fuhun":1,"icon":1310,"grade":53},"353":{"weapon":21403,"name":"青城精英","school":5,"shape":1310,"icon":1310,"grade":47},"453":{"weapon":21203,"name":"太初精英","school":3,"shape":1210,"icon":1210,"grade":44},"957":{"weapon":21102,"name":"金山寺精英","school":2,"shape":1120,"icon":1120,"grade":36},"153":{"weapon":21303,"name":"太初精英","school":3,"shape":1220,"icon":1220,"grade":48},"253":{"weapon":21003,"name":"金山寺精英","school":2,"shape":1110,"icon":1110,"grade":46},"657":{"weapon":21303,"name":"瑶池精英","school":4,"shape":1220,"icon":1220,"grade":44},"557":{"weapon":21103,"name":"金山寺精英","school":2,"shape":1120,"icon":1120,"grade":45},"857":{"weapon":21102,"name":"金山寺精英","school":2,"shape":1120,"icon":1120,"grade":37},"757":{"weapon":21002,"name":"金山寺精英","school":2,"shape":1110,"icon":1110,"grade":36},"257":{"weapon":21203,"name":"瑶池精英","school":4,"shape":1210,"icon":1210,"grade":46},"157":{"weapon":21303,"name":"太初精英","school":3,"shape":1220,"icon":1220,"grade":49},"954":{"weapon":21202,"name":"瑶池精英","school":4,"shape":1210,"icon":1210,"grade":38},"357":{"weapon":21003,"name":"金山寺精英","school":2,"shape":1110,"icon":1110,"grade":47},"62":{"weapon":21304,"name":"瑶池精英","shape":1220,"school":4,"fuhun":1,"icon":1220,"grade":50},"553":{"weapon":21103,"name":"蜀山精英","school":1,"shape":1120,"icon":1120,"grade":44},"653":{"weapon":21403,"name":"妖神宫精英","school":6,"shape":1310,"icon":1310,"grade":44},"778":{"weapon":21402,"name":"妖神宫精英","school":6,"shape":1310,"icon":1310,"grade":37},"878":{"weapon":21102,"name":"蜀山精英","school":1,"shape":1120,"icon":1120,"grade":37},"953":{"weapon":21102,"name":"蜀山精英","school":1,"shape":1120,"icon":1120,"grade":36},"3":{"partners":[10001,10003,10008,10009],"weapon":21404,"shape":1310,"summongrade":61,"grade":56,"partnergrade":56,"name":"青城精英","summonsid":1002,"school":5,"fuhun":1,"icon":1310,"isinit":true},"144":{"weapon":21003,"name":"蜀山精英","school":1,"shape":1110,"icon":1110,"grade":48},"244":{"weapon":21203,"name":"太初精英","school":3,"shape":1210,"icon":1210,"grade":48},"344":{"weapon":21303,"name":"瑶池精英","school":4,"shape":1220,"icon":1220,"grade":46},"897":{"weapon":21402,"name":"青城精英","school":5,"shape":1310,"icon":1310,"grade":37},"348":{"weapon":21003,"name":"蜀山精英","school":1,"shape":1110,"icon":1110,"grade":47},"178":{"weapon":21203,"name":"太初精英","school":3,"shape":1210,"icon":1210,"grade":48},"946":{"weapon":21002,"name":"金山寺精英","school":2,"shape":1110,"icon":1110,"grade":38},"278":{"weapon":21003,"name":"金山寺精英","school":2,"shape":1110,"icon":1110,"grade":47},"459":{"weapon":21403,"name":"青城精英","school":5,"shape":1310,"icon":1310,"grade":44},"646":{"weapon":21003,"name":"金山寺精英","school":2,"shape":1110,"icon":1110,"grade":44},"546":{"weapon":21103,"name":"蜀山精英","school":1,"shape":1120,"icon":1120,"grade":45},"846":{"weapon":21402,"name":"妖神宫精英","school":6,"shape":1310,"icon":1310,"grade":38},"746":{"weapon":21402,"name":"妖神宫精英","school":6,"shape":1310,"icon":1310,"grade":37},"246":{"weapon":21103,"name":"金山寺精英","school":2,"shape":1120,"icon":1120,"grade":49},"146":{"weapon":21003,"name":"金山寺精英","school":2,"shape":1110,"icon":1110,"grade":49},"446":{"weapon":21403,"name":"青城精英","school":5,"shape":1310,"icon":1310,"grade":46},"346":{"weapon":21403,"name":"青城精英","school":5,"shape":1310,"icon":1310,"grade":46},"559":{"weapon":21303,"name":"太初精英","school":3,"shape":1220,"icon":1220,"grade":44},"578":{"weapon":21203,"name":"太初精英","school":3,"shape":1210,"icon":1210,"grade":44},"678":{"weapon":21303,"name":"太初精英","school":3,"shape":1220,"icon":1220,"grade":45},"438":{"weapon":21103,"name":"金山寺精英","school":2,"shape":1120,"icon":1120,"grade":47},"566":{"weapon":21303,"name":"太初精英","school":3,"shape":1220,"icon":1220,"grade":44},"501":{"weapon":21303,"name":"太初精英","school":3,"shape":1220,"icon":1220,"grade":44},"502":{"weapon":21303,"name":"瑶池精英","school":4,"shape":1220,"icon":1220,"grade":45},"944":{"weapon":21402,"name":"妖神宫精英","school":6,"shape":1310,"icon":1310,"grade":38},"761":{"weapon":21102,"name":"蜀山精英","school":1,"shape":1120,"icon":1120,"grade":37},"661":{"weapon":21203,"name":"瑶池精英","school":4,"shape":1210,"icon":1210,"grade":45},"561":{"weapon":21203,"name":"瑶池精英","school":4,"shape":1210,"icon":1210,"grade":45},"461":{"weapon":21403,"name":"青城精英","school":5,"shape":1310,"icon":1310,"grade":44},"24":{"weapon":21404,"name":"青城精英","shape":1310,"school":5,"fuhun":1,"icon":1310,"grade":53},"323":{"weapon":21203,"name":"瑶池精英","school":4,"shape":1210,"icon":1210,"grade":46},"961":{"weapon":21302,"name":"瑶池精英","school":4,"shape":1220,"icon":1220,"grade":37},"861":{"weapon":21402,"name":"青城精英","school":5,"shape":1310,"icon":1310,"grade":36},"233":{"weapon":21403,"name":"青城精英","school":5,"shape":1310,"icon":1310,"grade":49},"394":{"weapon":21203,"name":"瑶池精英","school":4,"shape":1210,"icon":1210,"grade":46},"117":{"weapon":21203,"name":"太初精英","school":3,"shape":1210,"icon":1210,"grade":48},"510":{"weapon":21403,"name":"青城精英","school":5,"shape":1310,"icon":1310,"grade":44},"462":{"weapon":21203,"name":"太初精英","school":3,"shape":1210,"icon":1210,"grade":45},"23":{"weapon":21004,"name":"金山寺精英","shape":1110,"school":2,"fuhun":1,"icon":1110,"grade":53},"936":{"weapon":21302,"name":"瑶池精英","school":4,"shape":1220,"icon":1220,"grade":37},"13":{"weapon":21204,"name":"太初精英","shape":1210,"school":3,"fuhun":1,"icon":1210,"grade":54},"736":{"weapon":21102,"name":"金山寺精英","school":2,"shape":1120,"icon":1120,"grade":36},"836":{"weapon":21302,"name":"太初精英","school":3,"shape":1220,"icon":1220,"grade":36},"536":{"weapon":21203,"name":"太初精英","school":3,"shape":1210,"icon":1210,"grade":44},"636":{"weapon":21403,"name":"妖神宫精英","school":6,"shape":1310,"icon":1310,"grade":45},"336":{"weapon":21003,"name":"金山寺精英","school":2,"shape":1110,"icon":1110,"grade":47},"436":{"weapon":21003,"name":"金山寺精英","school":2,"shape":1110,"icon":1110,"grade":46},"136":{"weapon":21403,"name":"青城精英","school":5,"shape":1310,"icon":1310,"grade":48},"937":{"weapon":21202,"name":"太初精英","school":3,"shape":1210,"icon":1210,"grade":36},"837":{"weapon":21002,"name":"金山寺精英","school":2,"shape":1110,"icon":1110,"grade":37},"737":{"weapon":21302,"name":"瑶池精英","school":4,"shape":1220,"icon":1220,"grade":36},"637":{"weapon":21203,"name":"太初精英","school":3,"shape":1210,"icon":1210,"grade":45},"537":{"weapon":21103,"name":"蜀山精英","school":1,"shape":1120,"icon":1120,"grade":44},"361":{"weapon":21403,"name":"青城精英","school":5,"shape":1310,"icon":1310,"grade":47},"337":{"weapon":21103,"name":"金山寺精英","school":2,"shape":1120,"icon":1120,"grade":47},"237":{"weapon":21203,"name":"瑶池精英","school":4,"shape":1210,"icon":1210,"grade":48},"137":{"weapon":21203,"name":"瑶池精英","school":4,"shape":1210,"icon":1210,"grade":49},"318":{"weapon":21103,"name":"蜀山精英","school":1,"shape":1120,"icon":1120,"grade":47},"751":{"weapon":21202,"name":"瑶池精英","school":4,"shape":1210,"icon":1210,"grade":37},"451":{"weapon":21103,"name":"金山寺精英","school":2,"shape":1120,"icon":1120,"grade":44},"551":{"weapon":21103,"name":"蜀山精英","school":1,"shape":1120,"icon":1120,"grade":44},"718":{"weapon":21402,"name":"妖神宫精英","school":6,"shape":1310,"icon":1310,"grade":36},"618":{"weapon":21003,"name":"金山寺精英","school":2,"shape":1110,"icon":1110,"grade":44},"851":{"weapon":21302,"name":"太初精英","school":3,"shape":1220,"icon":1220,"grade":36},"951":{"weapon":21102,"name":"金山寺精英","school":2,"shape":1120,"icon":1120,"grade":37},"511":{"weapon":21003,"name":"蜀山精英","school":1,"shape":1110,"icon":1110,"grade":45},"96":{"weapon":21204,"name":"太初精英","shape":1210,"school":3,"fuhun":1,"icon":1210,"grade":51},"270":{"weapon":21403,"name":"青城精英","school":5,"shape":1310,"icon":1310,"grade":46},"513":{"weapon":21303,"name":"瑶池精英","school":4,"shape":1220,"icon":1220,"grade":45},"518":{"weapon":21003,"name":"蜀山精英","school":1,"shape":1110,"icon":1110,"grade":45},"519":{"weapon":21003,"name":"金山寺精英","school":2,"shape":1110,"icon":1110,"grade":45},"118":{"weapon":21103,"name":"蜀山精英","school":1,"shape":1120,"icon":1120,"grade":48},"520":{"weapon":21403,"name":"青城精英","school":5,"shape":1310,"icon":1310,"grade":45},"201":{"weapon":21103,"name":"金山寺精英","school":2,"shape":1120,"icon":1120,"grade":48},"525":{"weapon":21203,"name":"太初精英","school":3,"shape":1210,"icon":1210,"grade":44},"528":{"weapon":21003,"name":"金山寺精英","school":2,"shape":1110,"icon":1110,"grade":45},"5":{"weapon":21204,"name":"瑶池精英","shape":1210,"school":4,"fuhun":1,"icon":1210,"grade":57},"779":{"weapon":21202,"name":"瑶池精英","school":4,"shape":1210,"icon":1210,"grade":38},"411":{"weapon":21303,"name":"太初精英","school":3,"shape":1220,"icon":1220,"grade":47},"538":{"weapon":21303,"name":"太初精英","school":3,"shape":1220,"icon":1220,"grade":45},"540":{"weapon":21003,"name":"蜀山精英","school":1,"shape":1110,"icon":1110,"grade":44},"232":{"weapon":21103,"name":"蜀山精英","school":1,"shape":1120,"icon":1120,"grade":48},"219":{"weapon":21403,"name":"妖神宫精英","school":6,"shape":1310,"icon":1310,"grade":49},"273":{"weapon":21103,"name":"蜀山精英","school":1,"shape":1120,"icon":1120,"grade":46},"554":{"weapon":21303,"name":"瑶池精英","school":4,"shape":1220,"icon":1220,"grade":44},"251":{"weapon":21303,"name":"瑶池精英","school":4,"shape":1220,"icon":1220,"grade":47},"351":{"weapon":21403,"name":"妖神宫精英","school":6,"shape":1310,"icon":1310,"grade":47},"562":{"weapon":21303,"name":"瑶池精英","school":4,"shape":1220,"icon":1220,"grade":44},"151":{"weapon":21303,"name":"太初精英","school":3,"shape":1220,"icon":1220,"grade":48},"541":{"weapon":21103,"name":"蜀山精英","school":1,"shape":1120,"icon":1120,"grade":44},"441":{"weapon":21003,"name":"金山寺精英","school":2,"shape":1110,"icon":1110,"grade":46},"741":{"weapon":21002,"name":"金山寺精英","school":2,"shape":1110,"icon":1110,"grade":38},"641":{"weapon":21203,"name":"太初精英","school":3,"shape":1210,"icon":1210,"grade":44},"848":{"weapon":21002,"name":"蜀山精英","school":1,"shape":1110,"icon":1110,"grade":36},"948":{"weapon":21002,"name":"金山寺精英","school":2,"shape":1110,"icon":1110,"grade":36},"648":{"weapon":21303,"name":"太初精英","school":3,"shape":1220,"icon":1220,"grade":44},"748":{"weapon":21202,"name":"瑶池精英","school":4,"shape":1210,"icon":1210,"grade":36},"352":{"weapon":21403,"name":"青城精英","school":5,"shape":1310,"icon":1310,"grade":46},"564":{"weapon":21103,"name":"金山寺精英","school":2,"shape":1120,"icon":1120,"grade":45},"199":{"weapon":21103,"name":"蜀山精英","school":1,"shape":1120,"icon":1120,"grade":48},"569":{"weapon":21203,"name":"太初精英","school":3,"shape":1210,"icon":1210,"grade":45},"570":{"weapon":21303,"name":"瑶池精英","school":4,"shape":1220,"icon":1220,"grade":44},"148":{"weapon":21303,"name":"太初精英","school":3,"shape":1220,"icon":1220,"grade":49},"549":{"weapon":21403,"name":"青城精英","school":5,"shape":1310,"icon":1310,"grade":45},"574":{"weapon":21003,"name":"金山寺精英","school":2,"shape":1110,"icon":1110,"grade":45},"575":{"weapon":21203,"name":"太初精英","school":3,"shape":1210,"icon":1210,"grade":44},"507":{"weapon":21103,"name":"蜀山精英","school":1,"shape":1120,"icon":1120,"grade":44},"972":{"weapon":21402,"name":"青城精英","school":5,"shape":1310,"icon":1310,"grade":37},"496":{"weapon":21303,"name":"太初精英","school":3,"shape":1220,"icon":1220,"grade":45},"425":{"weapon":21303,"name":"太初精英","school":3,"shape":1220,"icon":1220,"grade":46},"581":{"weapon":21103,"name":"蜀山精英","school":1,"shape":1120,"icon":1120,"grade":44},"74":{"weapon":21004,"name":"金山寺精英","shape":1110,"school":2,"fuhun":1,"icon":1110,"grade":50},"252":{"weapon":21303,"name":"瑶池精英","school":4,"shape":1220,"icon":1220,"grade":47},"401":{"weapon":21403,"name":"妖神宫精英","school":6,"shape":1310,"icon":1310,"grade":46},"449":{"weapon":21003,"name":"金山寺精英","school":2,"shape":1110,"icon":1110,"grade":47},"980":{"weapon":21402,"name":"青城精英","school":5,"shape":1310,"icon":1310,"grade":37},"875":{"weapon":21002,"name":"金山寺精英","school":2,"shape":1110,"icon":1110,"grade":37},"141":{"weapon":21003,"name":"蜀山精英","school":1,"shape":1110,"icon":1110,"grade":49},"435":{"weapon":21003,"name":"蜀山精英","school":1,"shape":1110,"icon":1110,"grade":47},"341":{"weapon":21303,"name":"太初精英","school":3,"shape":1220,"icon":1220,"grade":46},"241":{"weapon":21203,"name":"瑶池精英","school":4,"shape":1210,"icon":1210,"grade":49},"431":{"weapon":21103,"name":"蜀山精英","school":1,"shape":1120,"icon":1120,"grade":46},"531":{"weapon":21303,"name":"太初精英","school":3,"shape":1220,"icon":1220,"grade":45},"338":{"weapon":21003,"name":"金山寺精英","school":2,"shape":1110,"icon":1110,"grade":46},"238":{"weapon":21403,"name":"青城精英","school":5,"shape":1310,"icon":1310,"grade":48},"831":{"weapon":21402,"name":"妖神宫精英","school":6,"shape":1310,"icon":1310,"grade":36},"931":{"weapon":21302,"name":"太初精英","school":3,"shape":1220,"icon":1220,"grade":38},"738":{"weapon":21402,"name":"妖神宫精英","school":6,"shape":1310,"icon":1310,"grade":38},"638":{"weapon":21203,"name":"太初精英","school":3,"shape":1210,"icon":1210,"grade":45},"602":{"weapon":21103,"name":"蜀山精英","school":1,"shape":1120,"icon":1120,"grade":44},"606":{"weapon":21003,"name":"蜀山精英","school":1,"shape":1110,"icon":1110,"grade":44},"611":{"weapon":21103,"name":"蜀山精英","school":1,"shape":1120,"icon":1120,"grade":44},"86":{"weapon":21304,"name":"太初精英","shape":1220,"school":3,"fuhun":1,"icon":1220,"grade":50},"138":{"weapon":21403,"name":"青城精英","school":5,"shape":1310,"icon":1310,"grade":48},"568":{"weapon":21403,"name":"青城精英","school":5,"shape":1310,"icon":1310,"grade":45},"615":{"weapon":21103,"name":"金山寺精英","school":2,"shape":1120,"icon":1120,"grade":44},"619":{"weapon":21403,"name":"青城精英","school":5,"shape":1310,"icon":1310,"grade":45},"620":{"weapon":21003,"name":"蜀山精英","school":1,"shape":1110,"icon":1110,"grade":45},"622":{"weapon":21003,"name":"蜀山精英","school":1,"shape":1110,"icon":1110,"grade":45},"95":{"weapon":21204,"name":"太初精英","shape":1210,"school":3,"fuhun":1,"icon":1210,"grade":51},"624":{"weapon":21103,"name":"蜀山精英","school":1,"shape":1120,"icon":1120,"grade":45},"628":{"weapon":21303,"name":"瑶池精英","school":4,"shape":1220,"icon":1220,"grade":45},"631":{"weapon":21203,"name":"太初精英","school":3,"shape":1210,"icon":1210,"grade":44},"820":{"weapon":21002,"name":"金山寺精英","school":2,"shape":1110,"icon":1110,"grade":36},"457":{"weapon":21403,"name":"妖神宫精英","school":6,"shape":1310,"icon":1310,"grade":45},"635":{"weapon":21103,"name":"金山寺精英","school":2,"shape":1120,"icon":1120,"grade":44},"640":{"weapon":21103,"name":"蜀山精英","school":1,"shape":1120,"icon":1120,"grade":45},"220":{"weapon":21403,"name":"青城精英","school":5,"shape":1310,"icon":1310,"grade":49},"550":{"weapon":21103,"name":"蜀山精英","school":1,"shape":1120,"icon":1120,"grade":44},"650":{"weapon":21303,"name":"瑶池精英","school":4,"shape":1220,"icon":1220,"grade":44},"131":{"weapon":21003,"name":"金山寺精英","school":2,"shape":1110,"icon":1110,"grade":49},"231":{"weapon":21103,"name":"金山寺精英","school":2,"shape":1120,"icon":1120,"grade":48},"331":{"weapon":21003,"name":"蜀山精英","school":1,"shape":1110,"icon":1110,"grade":46},"651":{"weapon":21203,"name":"太初精英","school":3,"shape":1210,"icon":1210,"grade":44},"841":{"weapon":21102,"name":"金山寺精英","school":2,"shape":1120,"icon":1120,"grade":37},"267":{"weapon":21203,"name":"瑶池精英","school":4,"shape":1210,"icon":1210,"grade":46},"654":{"weapon":21103,"name":"蜀山精英","school":1,"shape":1120,"icon":1120,"grade":44},"658":{"weapon":21203,"name":"瑶池精英","school":4,"shape":1210,"icon":1210,"grade":44},"659":{"weapon":21303,"name":"太初精英","school":3,"shape":1220,"icon":1220,"grade":45},"662":{"weapon":21203,"name":"瑶池精英","school":4,"shape":1210,"icon":1210,"grade":44},"838":{"weapon":21402,"name":"妖神宫精英","school":6,"shape":1310,"icon":1310,"grade":37},"664":{"weapon":21003,"name":"金山寺精英","school":2,"shape":1110,"icon":1110,"grade":45},"448":{"weapon":21103,"name":"金山寺精英","school":2,"shape":1120,"icon":1120,"grade":46},"799":{"weapon":21402,"name":"妖神宫精英","school":6,"shape":1310,"icon":1310,"grade":36},"668":{"weapon":21103,"name":"蜀山精英","school":1,"shape":1120,"icon":1120,"grade":45},"669":{"weapon":21403,"name":"青城精英","school":5,"shape":1310,"icon":1310,"grade":45},"216":{"weapon":21303,"name":"瑶池精英","school":4,"shape":1220,"icon":1220,"grade":49},"316":{"weapon":21303,"name":"太初精英","school":3,"shape":1220,"icon":1220,"grade":47},"416":{"weapon":21303,"name":"瑶池精英","school":4,"shape":1220,"icon":1220,"grade":47},"516":{"weapon":21103,"name":"金山寺精英","school":2,"shape":1120,"icon":1120,"grade":44},"616":{"weapon":21003,"name":"金山寺精英","school":2,"shape":1110,"icon":1110,"grade":44},"716":{"weapon":21202,"name":"瑶池精英","school":4,"shape":1210,"icon":1210,"grade":36},"816":{"weapon":21002,"name":"金山寺精英","school":2,"shape":1110,"icon":1110,"grade":37},"916":{"weapon":21102,"name":"金山寺精英","school":2,"shape":1120,"icon":1120,"grade":37},"675":{"weapon":21103,"name":"金山寺精英","school":2,"shape":1120,"icon":1120,"grade":44},"22":{"weapon":21304,"name":"太初精英","shape":1220,"school":3,"fuhun":1,"icon":1220,"grade":52},"319":{"weapon":21003,"name":"蜀山精英","school":1,"shape":1110,"icon":1110,"grade":46},"985":{"weapon":21402,"name":"青城精英","school":5,"shape":1310,"icon":1310,"grade":36},"885":{"weapon":21402,"name":"妖神宫精英","school":6,"shape":1310,"icon":1310,"grade":36},"418":{"weapon":21003,"name":"蜀山精英","school":1,"shape":1110,"icon":1110,"grade":47},"218":{"weapon":21403,"name":"妖神宫精英","school":6,"shape":1310,"icon":1310,"grade":48},"185":{"weapon":21303,"name":"瑶池精英","school":4,"shape":1220,"icon":1220,"grade":49},"818":{"weapon":21102,"name":"金山寺精英","school":2,"shape":1120,"icon":1120,"grade":36},"236":{"weapon":21203,"name":"太初精英","school":3,"shape":1210,"icon":1210,"grade":48},"801":{"weapon":21302,"name":"太初精英","school":3,"shape":1220,"icon":1220,"grade":36},"484":{"weapon":21103,"name":"金山寺精英","school":2,"shape":1120,"icon":1120,"grade":45},"584":{"weapon":21103,"name":"蜀山精英","school":1,"shape":1120,"icon":1120,"grade":45},"684":{"weapon":21103,"name":"蜀山精英","school":1,"shape":1120,"icon":1120,"grade":45},"784":{"weapon":21002,"name":"金山寺精英","school":2,"shape":1110,"icon":1110,"grade":38},"202":{"weapon":21203,"name":"太初精英","school":3,"shape":1210,"icon":1210,"grade":49},"184":{"weapon":21303,"name":"太初精英","school":3,"shape":1220,"icon":1220,"grade":49},"284":{"weapon":21003,"name":"金山寺精英","school":2,"shape":1110,"icon":1110,"grade":47},"384":{"weapon":21203,"name":"太初精英","school":3,"shape":1210,"icon":1210,"grade":47},"264":{"weapon":21103,"name":"蜀山精英","school":1,"shape":1120,"icon":1120,"grade":47},"691":{"weapon":21203,"name":"瑶池精英","school":4,"shape":1210,"icon":1210,"grade":44},"693":{"weapon":21403,"name":"青城精英","school":5,"shape":1310,"icon":1310,"grade":45},"66":{"weapon":21404,"name":"青城精英","shape":1310,"school":5,"fuhun":1,"icon":1310,"grade":51},"941":{"weapon":21302,"name":"太初精英","school":3,"shape":1220,"icon":1220,"grade":37},"699":{"weapon":21103,"name":"金山寺精英","school":2,"shape":1120,"icon":1120,"grade":44},"700":{"weapon":21003,"name":"蜀山精英","school":1,"shape":1110,"icon":1110,"grade":44},"701":{"weapon":21002,"name":"金山寺精英","school":2,"shape":1110,"icon":1110,"grade":37},"895":{"weapon":21402,"name":"青城精英","school":5,"shape":1310,"icon":1310,"grade":38},"995":{"weapon":21002,"name":"金山寺精英","school":2,"shape":1110,"icon":1110,"grade":38},"706":{"weapon":21302,"name":"瑶池精英","school":4,"shape":1220,"icon":1220,"grade":36},"194":{"weapon":21003,"name":"金山寺精英","school":2,"shape":1110,"icon":1110,"grade":48},"670":{"weapon":21103,"name":"金山寺精英","school":2,"shape":1120,"icon":1120,"grade":44},"715":{"weapon":21302,"name":"瑶池精英","school":4,"shape":1220,"icon":1220,"grade":36},"120":{"weapon":21403,"name":"妖神宫精英","school":6,"shape":1310,"icon":1310,"grade":49},"302":{"weapon":21203,"name":"太初精英","school":3,"shape":1210,"icon":1210,"grade":46},"294":{"weapon":21303,"name":"太初精英","school":3,"shape":1220,"icon":1220,"grade":46},"195":{"weapon":21203,"name":"太初精英","school":3,"shape":1210,"icon":1210,"grade":48},"867":{"weapon":21302,"name":"瑶池精英","school":4,"shape":1220,"icon":1220,"grade":37},"958":{"weapon":21102,"name":"金山寺精英","school":2,"shape":1120,"icon":1120,"grade":38},"999":{"weapon":21202,"name":"太初精英","school":3,"shape":1210,"icon":1210,"grade":36},"494":{"weapon":21403,"name":"青城精英","school":5,"shape":1310,"icon":1310,"grade":44},"918":{"weapon":21402,"name":"青城精英","school":5,"shape":1310,"icon":1310,"grade":37},"110":{"weapon":21103,"name":"蜀山精英","school":1,"shape":1120,"icon":1120,"grade":48},"708":{"weapon":21202,"name":"太初精英","school":3,"shape":1210,"icon":1210,"grade":38},"808":{"weapon":21202,"name":"瑶池精英","school":4,"shape":1210,"icon":1210,"grade":36},"508":{"weapon":21003,"name":"蜀山精英","school":1,"shape":1110,"icon":1110,"grade":45},"608":{"weapon":21303,"name":"瑶池精英","school":4,"shape":1220,"icon":1220,"grade":44},"308":{"weapon":21203,"name":"太初精英","school":3,"shape":1210,"icon":1210,"grade":47},"408":{"weapon":21103,"name":"金山寺精英","school":2,"shape":1120,"icon":1120,"grade":46},"108":{"weapon":21003,"name":"蜀山精英","school":1,"shape":1110,"icon":1110,"grade":48},"208":{"weapon":21303,"name":"太初精英","school":3,"shape":1220,"icon":1220,"grade":49},"719":{"weapon":21102,"name":"蜀山精英","school":1,"shape":1120,"icon":1120,"grade":37},"720":{"weapon":21002,"name":"蜀山精英","school":1,"shape":1110,"icon":1110,"grade":36},"723":{"weapon":21102,"name":"金山寺精英","school":2,"shape":1120,"icon":1120,"grade":36},"724":{"weapon":21302,"name":"瑶池精英","school":4,"shape":1220,"icon":1220,"grade":36},"725":{"weapon":21202,"name":"太初精英","school":3,"shape":1210,"icon":1210,"grade":38},"727":{"weapon":21002,"name":"蜀山精英","school":1,"shape":1110,"icon":1110,"grade":37},"437":{"weapon":21203,"name":"瑶池精英","school":4,"shape":1210,"icon":1210,"grade":47},"731":{"weapon":21202,"name":"太初精英","school":3,"shape":1210,"icon":1210,"grade":36},"312":{"weapon":21203,"name":"太初精英","school":3,"shape":1210,"icon":1210,"grade":47},"771":{"weapon":21102,"name":"金山寺精英","school":2,"shape":1120,"icon":1120,"grade":38},"740":{"weapon":21102,"name":"金山寺精英","school":2,"shape":1120,"icon":1120,"grade":38},"332":{"weapon":21403,"name":"青城精英","school":5,"shape":1310,"icon":1310,"grade":46},"226":{"weapon":21303,"name":"太初精英","school":3,"shape":1220,"icon":1220,"grade":49},"750":{"weapon":21302,"name":"瑶池精英","school":4,"shape":1220,"icon":1220,"grade":38},"754":{"weapon":21302,"name":"瑶池精英","school":4,"shape":1220,"icon":1220,"grade":37},"210":{"weapon":21403,"name":"青城精英","school":5,"shape":1310,"icon":1310,"grade":48},"762":{"weapon":21202,"name":"瑶池精英","school":4,"shape":1210,"icon":1210,"grade":38},"938":{"weapon":21402,"name":"妖神宫精英","school":6,"shape":1310,"icon":1310,"grade":37},"764":{"weapon":21302,"name":"太初精英","school":3,"shape":1220,"icon":1220,"grade":36},"548":{"weapon":21203,"name":"太初精英","school":3,"shape":1210,"icon":1210,"grade":45},"766":{"weapon":21302,"name":"瑶池精英","school":4,"shape":1220,"icon":1220,"grade":37},"1000":{"weapon":21302,"name":"瑶池精英","school":4,"shape":1220,"icon":1220,"grade":38},"440":{"weapon":21203,"name":"瑶池精英","school":4,"shape":1210,"icon":1210,"grade":46},"391":{"weapon":21403,"name":"妖神宫精英","school":6,"shape":1310,"icon":1310,"grade":46},"291":{"weapon":21303,"name":"太初精英","school":3,"shape":1220,"icon":1220,"grade":46},"591":{"weapon":21403,"name":"妖神宫精英","school":6,"shape":1310,"icon":1310,"grade":45},"491":{"weapon":21003,"name":"金山寺精英","school":2,"shape":1110,"icon":1110,"grade":44},"768":{"weapon":21402,"name":"青城精英","school":5,"shape":1310,"icon":1310,"grade":36},"191":{"weapon":21303,"name":"太初精英","school":3,"shape":1220,"icon":1220,"grade":48},"770":{"weapon":21402,"name":"妖神宫精英","school":6,"shape":1310,"icon":1310,"grade":37},"277":{"weapon":21203,"name":"瑶池精英","school":4,"shape":1210,"icon":1210,"grade":46},"177":{"weapon":21103,"name":"蜀山精英","school":1,"shape":1120,"icon":1120,"grade":48},"593":{"weapon":21003,"name":"金山寺精英","school":2,"shape":1110,"icon":1110,"grade":45},"293":{"weapon":21003,"name":"蜀山精英","school":1,"shape":1110,"icon":1110,"grade":47},"364":{"weapon":21103,"name":"金山寺精英","school":2,"shape":1120,"icon":1120,"grade":47},"899":{"weapon":21402,"name":"妖神宫精英","school":6,"shape":1310,"icon":1310,"grade":38},"176":{"weapon":21303,"name":"瑶池精英","school":4,"shape":1220,"icon":1220,"grade":48},"427":{"weapon":21303,"name":"瑶池精英","school":4,"shape":1220,"icon":1220,"grade":47},"52":{"weapon":21404,"name":"青城精英","shape":1310,"school":5,"fuhun":1,"icon":1310,"grade":51},"12":{"weapon":21304,"name":"瑶池精英","shape":1220,"school":4,"fuhun":1,"icon":1220,"grade":54},"154":{"weapon":21203,"name":"太初精英","school":3,"shape":1210,"icon":1210,"grade":48},"480":{"weapon":21203,"name":"瑶池精英","school":4,"shape":1210,"icon":1210,"grade":45},"380":{"weapon":21403,"name":"青城精英","school":5,"shape":1310,"icon":1310,"grade":47},"280":{"weapon":21103,"name":"金山寺精英","school":2,"shape":1120,"icon":1120,"grade":46},"180":{"weapon":21103,"name":"金山寺精英","school":2,"shape":1120,"icon":1120,"grade":49},"880":{"weapon":21002,"name":"蜀山精英","school":1,"shape":1110,"icon":1110,"grade":37},"780":{"weapon":21402,"name":"青城精英","school":5,"shape":1310,"icon":1310,"grade":37},"680":{"weapon":21403,"name":"青城精英","school":5,"shape":1310,"icon":1310,"grade":44},"580":{"weapon":21103,"name":"金山寺精英","school":2,"shape":1120,"icon":1120,"grade":44},"211":{"weapon":21003,"name":"蜀山精英","school":1,"shape":1110,"icon":1110,"grade":48},"775":{"weapon":21102,"name":"金山寺精英","school":2,"shape":1120,"icon":1120,"grade":38},"187":{"weapon":21103,"name":"金山寺精英","school":2,"shape":1120,"icon":1120,"grade":48},"287":{"weapon":21103,"name":"蜀山精英","school":1,"shape":1120,"icon":1120,"grade":46},"671":{"weapon":21303,"name":"太初精英","school":3,"shape":1220,"icon":1220,"grade":44},"908":{"weapon":21002,"name":"金山寺精英","school":2,"shape":1110,"icon":1110,"grade":36},"571":{"weapon":21403,"name":"妖神宫精英","school":6,"shape":1310,"icon":1310,"grade":45},"359":{"weapon":21403,"name":"青城精英","school":5,"shape":1310,"icon":1310,"grade":47},"259":{"weapon":21303,"name":"太初精英","school":3,"shape":1220,"icon":1220,"grade":46},"387":{"weapon":21003,"name":"蜀山精英","school":1,"shape":1110,"icon":1110,"grade":46},"487":{"weapon":21103,"name":"蜀山精英","school":1,"shape":1120,"icon":1120,"grade":44},"286":{"weapon":21203,"name":"太初精英","school":3,"shape":1210,"icon":1210,"grade":46},"186":{"weapon":21003,"name":"金山寺精英","school":2,"shape":1110,"icon":1110,"grade":48},"152":{"weapon":21203,"name":"太初精英","school":3,"shape":1210,"icon":1210,"grade":49},"386":{"weapon":21203,"name":"瑶池精英","school":4,"shape":1210,"icon":1210,"grade":46},"544":{"weapon":21203,"name":"瑶池精英","school":4,"shape":1210,"icon":1210,"grade":45},"42":{"weapon":21004,"name":"蜀山精英","shape":1110,"school":1,"fuhun":1,"icon":1110,"grade":52},"32":{"weapon":21004,"name":"金山寺精英","shape":1110,"school":2,"fuhun":1,"icon":1110,"grade":53},"419":{"weapon":21103,"name":"金山寺精英","school":2,"shape":1120,"icon":1120,"grade":46},"271":{"weapon":21203,"name":"太初精英","school":3,"shape":1210,"icon":1210,"grade":46},"171":{"weapon":21303,"name":"瑶池精英","school":4,"shape":1220,"icon":1220,"grade":48},"685":{"weapon":21203,"name":"太初精英","school":3,"shape":1210,"icon":1210,"grade":44},"785":{"weapon":21402,"name":"青城精英","school":5,"shape":1310,"icon":1310,"grade":37},"306":{"weapon":21403,"name":"青城精英","school":5,"shape":1310,"icon":1310,"grade":46},"8":{"weapon":21004,"name":"金山寺精英","shape":1110,"school":2,"fuhun":1,"icon":1110,"grade":57},"347":{"weapon":21003,"name":"蜀山精英","school":1,"shape":1110,"icon":1110,"grade":47},"460":{"weapon":21003,"name":"蜀山精英","school":1,"shape":1110,"icon":1110,"grade":45},"702":{"weapon":21102,"name":"金山寺精英","school":2,"shape":1120,"icon":1120,"grade":38},"19":{"weapon":21304,"name":"太初精英","shape":1220,"school":3,"fuhun":1,"icon":1220,"grade":54},"49":{"weapon":21304,"name":"太初精英","shape":1220,"school":3,"fuhun":1,"icon":1220,"grade":53},"860":{"weapon":21002,"name":"蜀山精英","school":1,"shape":1110,"icon":1110,"grade":37},"760":{"weapon":21402,"name":"妖神宫精英","school":6,"shape":1310,"icon":1310,"grade":38},"481":{"weapon":21003,"name":"金山寺精英","school":2,"shape":1110,"icon":1110,"grade":45},"181":{"weapon":21303,"name":"瑶池精英","school":4,"shape":1220,"icon":1220,"grade":49},"281":{"weapon":21203,"name":"太初精英","school":3,"shape":1210,"icon":1210,"grade":46},"162":{"weapon":21403,"name":"青城精英","school":5,"shape":1310,"icon":1310,"grade":48},"262":{"weapon":21003,"name":"金山寺精英","school":2,"shape":1110,"icon":1110,"grade":47},"362":{"weapon":21003,"name":"金山寺精英","school":2,"shape":1110,"icon":1110,"grade":46},"862":{"weapon":21202,"name":"太初精英","school":3,"shape":1210,"icon":1210,"grade":38},"759":{"weapon":21202,"name":"瑶池精英","school":4,"shape":1210,"icon":1210,"grade":36},"859":{"weapon":21002,"name":"金山寺精英","school":2,"shape":1110,"icon":1110,"grade":37},"959":{"weapon":21402,"name":"青城精英","school":5,"shape":1310,"icon":1310,"grade":36},"14":{"weapon":21004,"name":"蜀山精英","shape":1110,"school":1,"fuhun":1,"icon":1110,"grade":55},"975":{"weapon":21002,"name":"蜀山精英","school":1,"shape":1110,"icon":1110,"grade":38},"34":{"weapon":21104,"name":"蜀山精英","shape":1120,"school":1,"fuhun":1,"icon":1120,"grade":53},"44":{"weapon":21404,"name":"青城精英","shape":1310,"school":5,"fuhun":1,"icon":1310,"grade":52},"54":{"weapon":21104,"name":"金山寺精英","shape":1120,"school":2,"fuhun":1,"icon":1120,"grade":51},"694":{"weapon":21103,"name":"金山寺精英","school":2,"shape":1120,"icon":1120,"grade":45},"794":{"weapon":21102,"name":"蜀山精英","school":1,"shape":1120,"icon":1120,"grade":37},"798":{"weapon":21402,"name":"青城精英","school":5,"shape":1310,"icon":1310,"grade":37},"594":{"weapon":21003,"name":"蜀山精英","school":1,"shape":1110,"icon":1110,"grade":45},"377":{"weapon":21103,"name":"蜀山精英","school":1,"shape":1120,"icon":1120,"grade":46},"898":{"weapon":21302,"name":"瑶池精英","school":4,"shape":1220,"icon":1220,"grade":38},"894":{"weapon":21302,"name":"太初精英","school":3,"shape":1220,"icon":1220,"grade":36},"994":{"weapon":21102,"name":"蜀山精英","school":1,"shape":1120,"icon":1120,"grade":37},"667":{"weapon":21003,"name":"金山寺精英","school":2,"shape":1110,"icon":1110,"grade":44},"767":{"weapon":21102,"name":"金山寺精英","school":2,"shape":1120,"icon":1120,"grade":36},"467":{"weapon":21003,"name":"金山寺精英","school":2,"shape":1110,"icon":1110,"grade":44},"567":{"weapon":21403,"name":"妖神宫精英","school":6,"shape":1310,"icon":1310,"grade":44},"366":{"weapon":21003,"name":"金山寺精英","school":2,"shape":1110,"icon":1110,"grade":46},"266":{"weapon":21403,"name":"青城精英","school":5,"shape":1310,"icon":1310,"grade":46},"166":{"weapon":21203,"name":"太初精英","school":3,"shape":1210,"icon":1210,"grade":48},"967":{"weapon":21202,"name":"瑶池精英","school":4,"shape":1210,"icon":1210,"grade":36},"64":{"weapon":21404,"name":"妖神宫精英","shape":1310,"school":6,"fuhun":1,"icon":1310,"grade":50},"666":{"weapon":21403,"name":"妖神宫精英","school":6,"shape":1310,"icon":1310,"grade":44},"84":{"weapon":21004,"name":"金山寺精英","shape":1110,"school":2,"fuhun":1,"icon":1110,"grade":50},"94":{"weapon":21204,"name":"瑶池精英","shape":1210,"school":4,"fuhun":1,"icon":1210,"grade":50},"175":{"weapon":21103,"name":"金山寺精英","school":2,"shape":1120,"icon":1120,"grade":48},"962":{"weapon":21402,"name":"妖神宫精英","school":6,"shape":1310,"icon":1310,"grade":38},"966":{"weapon":21302,"name":"太初精英","school":3,"shape":1220,"icon":1220,"grade":37},"866":{"weapon":21002,"name":"蜀山精英","school":1,"shape":1110,"icon":1110,"grade":37},"465":{"weapon":21203,"name":"瑶池精英","school":4,"shape":1210,"icon":1210,"grade":45},"565":{"weapon":21403,"name":"妖神宫精英","school":6,"shape":1310,"icon":1310,"grade":44},"665":{"weapon":21203,"name":"瑶池精英","school":4,"shape":1210,"icon":1210,"grade":44},"765":{"weapon":21402,"name":"青城精英","school":5,"shape":1310,"icon":1310,"grade":37},"865":{"weapon":21202,"name":"瑶池精英","school":4,"shape":1210,"icon":1210,"grade":36},"965":{"weapon":21402,"name":"妖神宫精英","school":6,"shape":1310,"icon":1310,"grade":37},"240":{"weapon":21303,"name":"太初精英","school":3,"shape":1220,"icon":1220,"grade":48},"340":{"weapon":21003,"name":"蜀山精英","school":1,"shape":1110,"icon":1110,"grade":47},"63":{"weapon":21304,"name":"太初精英","shape":1220,"school":3,"fuhun":1,"icon":1220,"grade":51},"53":{"weapon":21404,"name":"青城精英","shape":1310,"school":5,"fuhun":1,"icon":1310,"grade":51},"43":{"weapon":21304,"name":"瑶池精英","shape":1220,"school":4,"fuhun":1,"icon":1220,"grade":53},"33":{"weapon":21204,"name":"瑶池精英","shape":1210,"school":4,"fuhun":1,"icon":1210,"grade":53},"840":{"weapon":21002,"name":"蜀山精英","school":1,"shape":1110,"icon":1110,"grade":37},"940":{"weapon":21102,"name":"蜀山精英","school":1,"shape":1120,"icon":1120,"grade":36},"984":{"weapon":21202,"name":"太初精英","school":3,"shape":1210,"icon":1210,"grade":38},"884":{"weapon":21202,"name":"瑶池精英","school":4,"shape":1210,"icon":1210,"grade":37},"597":{"weapon":21103,"name":"金山寺精英","school":2,"shape":1120,"icon":1120,"grade":44},"497":{"weapon":21303,"name":"瑶池精英","school":4,"shape":1220,"icon":1220,"grade":45},"797":{"weapon":21302,"name":"太初精英","school":3,"shape":1220,"icon":1220,"grade":37},"697":{"weapon":21303,"name":"太初精英","school":3,"shape":1220,"icon":1220,"grade":44},"997":{"weapon":21402,"name":"妖神宫精英","school":6,"shape":1310,"icon":1310,"grade":37},"93":{"weapon":21104,"name":"金山寺精英","shape":1120,"school":2,"fuhun":1,"icon":1120,"grade":51},"83":{"weapon":21404,"name":"妖神宫精英","shape":1310,"school":6,"fuhun":1,"icon":1310,"grade":50},"73":{"weapon":21404,"name":"青城精英","shape":1310,"school":5,"fuhun":1,"icon":1310,"grade":51},"552":{"weapon":21303,"name":"太初精英","school":3,"shape":1220,"icon":1220,"grade":44},"452":{"weapon":21203,"name":"瑶池精英","school":4,"shape":1210,"icon":1210,"grade":45},"752":{"weapon":21102,"name":"蜀山精英","school":1,"shape":1120,"icon":1120,"grade":38},"652":{"weapon":21303,"name":"太初精英","school":3,"shape":1220,"icon":1220,"grade":44},"952":{"weapon":21302,"name":"太初精英","school":3,"shape":1220,"icon":1220,"grade":36},"852":{"weapon":21102,"name":"金山寺精英","school":2,"shape":1120,"icon":1120,"grade":37},"265":{"weapon":21003,"name":"蜀山精英","school":1,"shape":1110,"icon":1110,"grade":47},"365":{"weapon":21303,"name":"太初精英","school":3,"shape":1220,"icon":1220,"grade":47},"470":{"weapon":21303,"name":"太初精英","school":3,"shape":1220,"icon":1220,"grade":44},"956":{"weapon":21402,"name":"妖神宫精英","school":6,"shape":1310,"icon":1310,"grade":38},"891":{"weapon":21402,"name":"妖神宫精英","school":6,"shape":1310,"icon":1310,"grade":38},"156":{"weapon":21303,"name":"瑶池精英","school":4,"shape":1220,"icon":1220,"grade":49},"130":{"weapon":21403,"name":"妖神宫精英","school":6,"shape":1310,"icon":1310,"grade":48},"893":{"weapon":21002,"name":"金山寺精英","school":2,"shape":1110,"icon":1110,"grade":37},"330":{"weapon":21103,"name":"金山寺精英","school":2,"shape":1120,"icon":1120,"grade":47},"230":{"weapon":21403,"name":"妖神宫精英","school":6,"shape":1310,"icon":1310,"grade":49},"530":{"weapon":21003,"name":"蜀山精英","school":1,"shape":1110,"icon":1110,"grade":44},"430":{"weapon":21003,"name":"蜀山精英","school":1,"shape":1110,"icon":1110,"grade":46},"730":{"weapon":21402,"name":"青城精英","school":5,"shape":1310,"icon":1310,"grade":38},"630":{"weapon":21303,"name":"瑶池精英","school":4,"shape":1220,"icon":1220,"grade":44},"930":{"weapon":21002,"name":"金山寺精英","school":2,"shape":1110,"icon":1110,"grade":37},"830":{"weapon":21402,"name":"妖神宫精英","school":6,"shape":1310,"icon":1310,"grade":36},"255":{"weapon":21203,"name":"太初精英","school":3,"shape":1210,"icon":1210,"grade":47},"133":{"weapon":21203,"name":"太初精英","school":3,"shape":1210,"icon":1210,"grade":48},"563":{"weapon":21003,"name":"蜀山精英","school":1,"shape":1110,"icon":1110,"grade":45},"463":{"weapon":21403,"name":"妖神宫精英","school":6,"shape":1310,"icon":1310,"grade":44},"763":{"weapon":21202,"name":"瑶池精英","school":4,"shape":1210,"icon":1210,"grade":37},"663":{"weapon":21203,"name":"瑶池精英","school":4,"shape":1210,"icon":1210,"grade":45},"92":{"weapon":21304,"name":"太初精英","shape":1220,"school":3,"fuhun":1,"icon":1220,"grade":51},"863":{"weapon":21002,"name":"金山寺精英","school":2,"shape":1110,"icon":1110,"grade":37},"72":{"weapon":21004,"name":"蜀山精英","shape":1110,"school":1,"fuhun":1,"icon":1110,"grade":50},"82":{"weapon":21104,"name":"蜀山精英","shape":1120,"school":1,"fuhun":1,"icon":1120,"grade":50},"586":{"weapon":21303,"name":"瑶池精英","school":4,"shape":1220,"icon":1220,"grade":44},"486":{"weapon":21403,"name":"青城精英","school":5,"shape":1310,"icon":1310,"grade":45},"786":{"weapon":21002,"name":"蜀山精英","school":1,"shape":1110,"icon":1110,"grade":37},"686":{"weapon":21303,"name":"太初精英","school":3,"shape":1220,"icon":1220,"grade":44},"986":{"weapon":21402,"name":"妖神宫精英","school":6,"shape":1310,"icon":1310,"grade":36},"886":{"weapon":21302,"name":"瑶池精英","school":4,"shape":1220,"icon":1220,"grade":38},"4":{"weapon":21004,"name":"蜀山精英","shape":1110,"school":1,"fuhun":1,"icon":1110,"grade":56},"7":{"weapon":21104,"name":"蜀山精英","shape":1120,"school":1,"fuhun":1,"icon":1120,"grade":56},"806":{"weapon":21402,"name":"青城精英","school":5,"shape":1310,"icon":1310,"grade":37},"902":{"weapon":21102,"name":"金山寺精英","school":2,"shape":1120,"icon":1120,"grade":38},"168":{"weapon":21103,"name":"蜀山精英","school":1,"shape":1120,"icon":1120,"grade":49},"268":{"weapon":21003,"name":"蜀山精英","school":1,"shape":1110,"icon":1110,"grade":47},"260":{"weapon":21303,"name":"瑶池精英","school":4,"shape":1220,"icon":1220,"grade":46},"360":{"weapon":21303,"name":"瑶池精英","school":4,"shape":1220,"icon":1220,"grade":46},"802":{"weapon":21002,"name":"金山寺精英","school":2,"shape":1110,"icon":1110,"grade":36},"160":{"weapon":21003,"name":"金山寺精英","school":2,"shape":1110,"icon":1110,"grade":49},"660":{"weapon":21403,"name":"青城精英","school":5,"shape":1310,"icon":1310,"grade":44},"868":{"weapon":21402,"name":"青城精英","school":5,"shape":1310,"icon":1310,"grade":37},"968":{"weapon":21302,"name":"太初精英","school":3,"shape":1220,"icon":1220,"grade":38},"560":{"weapon":21203,"name":"太初精英","school":3,"shape":1210,"icon":1210,"grade":44},"368":{"weapon":21003,"name":"金山寺精英","school":2,"shape":1110,"icon":1110,"grade":47},"468":{"weapon":21203,"name":"瑶池精英","school":4,"shape":1210,"icon":1210,"grade":44},"363":{"weapon":21403,"name":"青城精英","school":5,"shape":1310,"icon":1310,"grade":47},"960":{"weapon":21402,"name":"青城精英","school":5,"shape":1310,"icon":1310,"grade":38},"777":{"weapon":21402,"name":"青城精英","school":5,"shape":1310,"icon":1310,"grade":36},"677":{"weapon":21303,"name":"太初精英","school":3,"shape":1220,"icon":1220,"grade":44},"577":{"weapon":21103,"name":"金山寺精英","school":2,"shape":1120,"icon":1120,"grade":45},"477":{"weapon":21003,"name":"蜀山精英","school":1,"shape":1110,"icon":1110,"grade":44},"853":{"weapon":21102,"name":"金山寺精英","school":2,"shape":1120,"icon":1120,"grade":38},"376":{"weapon":21003,"name":"金山寺精英","school":2,"shape":1110,"icon":1110,"grade":46},"977":{"weapon":21302,"name":"瑶池精英","school":4,"shape":1220,"icon":1220,"grade":36},"877":{"weapon":21302,"name":"瑶池精英","school":4,"shape":1220,"icon":1220,"grade":36},"676":{"weapon":21203,"name":"太初精英","school":3,"shape":1210,"icon":1210,"grade":45},"776":{"weapon":21302,"name":"瑶池精英","school":4,"shape":1220,"icon":1220,"grade":37},"476":{"weapon":21403,"name":"青城精英","school":5,"shape":1310,"icon":1310,"grade":45},"576":{"weapon":21303,"name":"太初精英","school":3,"shape":1220,"icon":1220,"grade":44},"169":{"weapon":21303,"name":"瑶池精英","school":4,"shape":1220,"icon":1220,"grade":49},"69":{"weapon":21204,"name":"太初精英","shape":1210,"school":3,"fuhun":1,"icon":1210,"grade":50},"876":{"weapon":21102,"name":"金山寺精英","school":2,"shape":1120,"icon":1120,"grade":37},"976":{"weapon":21402,"name":"青城精英","school":5,"shape":1310,"icon":1310,"grade":37},"499":{"weapon":21203,"name":"瑶池精英","school":4,"shape":1210,"icon":1210,"grade":44},"599":{"weapon":21303,"name":"太初精英","school":3,"shape":1220,"icon":1220,"grade":44},"258":{"weapon":21203,"name":"瑶池精英","school":4,"shape":1210,"icon":1210,"grade":46},"158":{"weapon":21103,"name":"蜀山精英","school":1,"shape":1120,"icon":1120,"grade":49},"350":{"weapon":21403,"name":"妖神宫精英","school":6,"shape":1310,"icon":1310,"grade":46},"250":{"weapon":21403,"name":"妖神宫精英","school":6,"shape":1310,"icon":1310,"grade":48},"150":{"weapon":21403,"name":"青城精英","school":5,"shape":1310,"icon":1310,"grade":49},"919":{"weapon":21202,"name":"太初精英","school":3,"shape":1210,"icon":1210,"grade":38},"858":{"weapon":21302,"name":"太初精英","school":3,"shape":1220,"icon":1220,"grade":38},"758":{"weapon":21402,"name":"青城精英","school":5,"shape":1310,"icon":1310,"grade":38},"113":{"weapon":21103,"name":"金山寺精英","school":2,"shape":1120,"icon":1120,"grade":48},"213":{"weapon":21003,"name":"金山寺精英","school":2,"shape":1110,"icon":1110,"grade":49},"458":{"weapon":21003,"name":"金山寺精英","school":2,"shape":1110,"icon":1110,"grade":44},"358":{"weapon":21303,"name":"瑶池精英","school":4,"shape":1220,"icon":1220,"grade":47},"950":{"weapon":21002,"name":"金山寺精英","school":2,"shape":1110,"icon":1110,"grade":37},"850":{"weapon":21402,"name":"青城精英","school":5,"shape":1310,"icon":1310,"grade":37},"743":{"weapon":21102,"name":"蜀山精英","school":1,"shape":1120,"icon":1120,"grade":38},"643":{"weapon":21103,"name":"蜀山精英","school":1,"shape":1120,"icon":1120,"grade":45},"122":{"weapon":21203,"name":"瑶池精英","school":4,"shape":1210,"icon":1210,"grade":49},"222":{"weapon":21203,"name":"瑶池精英","school":4,"shape":1210,"icon":1210,"grade":48},"70":{"weapon":21304,"name":"瑶池精英","shape":1220,"school":4,"fuhun":1,"icon":1220,"grade":51},"80":{"weapon":21004,"name":"蜀山精英","shape":1110,"school":1,"fuhun":1,"icon":1110,"grade":50},"90":{"weapon":21204,"name":"太初精英","shape":1210,"school":3,"fuhun":1,"icon":1210,"grade":51},"843":{"weapon":21202,"name":"太初精英","school":3,"shape":1210,"icon":1210,"grade":36},"722":{"weapon":21302,"name":"瑶池精英","school":4,"shape":1220,"icon":1220,"grade":36},"822":{"weapon":21202,"name":"太初精英","school":3,"shape":1210,"icon":1210,"grade":38},"922":{"weapon":21102,"name":"蜀山精英","school":1,"shape":1120,"icon":1120,"grade":36},"140":{"weapon":21303,"name":"太初精英","school":3,"shape":1220,"icon":1220,"grade":48},"322":{"weapon":21303,"name":"太初精英","school":3,"shape":1220,"icon":1220,"grade":46},"422":{"weapon":21403,"name":"青城精英","school":5,"shape":1310,"icon":1310,"grade":47},"522":{"weapon":21203,"name":"瑶池精英","school":4,"shape":1210,"icon":1210,"grade":44},"399":{"weapon":21203,"name":"瑶池精英","school":4,"shape":1210,"icon":1210,"grade":46},"188":{"weapon":21403,"name":"妖神宫精英","school":6,"shape":1310,"icon":1310,"grade":49},"288":{"weapon":21203,"name":"太初精英","school":3,"shape":1210,"icon":1210,"grade":46},"100":{"weapon":21104,"name":"金山寺精英","shape":1120,"school":2,"fuhun":1,"icon":1120,"grade":50},"200":{"weapon":21403,"name":"青城精英","school":5,"shape":1310,"icon":1310,"grade":49},"825":{"weapon":21202,"name":"瑶池精英","school":4,"shape":1210,"icon":1210,"grade":36},"992":{"weapon":21102,"name":"蜀山精英","school":1,"shape":1120,"icon":1120,"grade":36},"949":{"weapon":21402,"name":"青城精英","school":5,"shape":1310,"icon":1310,"grade":36},"9":{"weapon":21204,"name":"太初精英","shape":1210,"school":3,"fuhun":1,"icon":1210,"grade":57},"988":{"weapon":21302,"name":"瑶池精英","school":4,"shape":1220,"icon":1220,"grade":38},"800":{"weapon":21402,"name":"妖神宫精英","school":6,"shape":1310,"icon":1310,"grade":38},"900":{"weapon":21102,"name":"金山寺精英","school":2,"shape":1120,"icon":1120,"grade":38},"888":{"weapon":21402,"name":"青城精英","school":5,"shape":1310,"icon":1310,"grade":37},"300":{"weapon":21403,"name":"妖神宫精英","school":6,"shape":1310,"icon":1310,"grade":46},"400":{"weapon":21403,"name":"青城精英","school":5,"shape":1310,"icon":1310,"grade":47},"500":{"weapon":21103,"name":"蜀山精英","school":1,"shape":1120,"icon":1120,"grade":45},"600":{"weapon":21103,"name":"蜀山精英","school":1,"shape":1120,"icon":1120,"grade":45},"633":{"weapon":21403,"name":"青城精英","school":5,"shape":1310,"icon":1310,"grade":44},"733":{"weapon":21302,"name":"太初精英","school":3,"shape":1220,"icon":1220,"grade":38},"212":{"weapon":21103,"name":"蜀山精英","school":1,"shape":1120,"icon":1120,"grade":49},"112":{"weapon":21103,"name":"金山寺精英","school":2,"shape":1120,"icon":1120,"grade":48},"871":{"weapon":21402,"name":"妖神宫精英","school":6,"shape":1310,"icon":1310,"grade":37},"196":{"weapon":21103,"name":"金山寺精英","school":2,"shape":1120,"icon":1120,"grade":49},"833":{"weapon":21002,"name":"蜀山精英","school":1,"shape":1110,"icon":1110,"grade":36},"933":{"weapon":21002,"name":"蜀山精英","school":1,"shape":1110,"icon":1110,"grade":38},"812":{"weapon":21102,"name":"金山寺精英","school":2,"shape":1120,"icon":1120,"grade":36},"712":{"weapon":21102,"name":"金山寺精英","school":2,"shape":1120,"icon":1120,"grade":37},"696":{"weapon":21403,"name":"妖神宫精英","school":6,"shape":1310,"icon":1310,"grade":44},"912":{"weapon":21202,"name":"太初精英","school":3,"shape":1210,"icon":1210,"grade":36},"412":{"weapon":21103,"name":"蜀山精英","school":1,"shape":1120,"icon":1120,"grade":46},"996":{"weapon":21102,"name":"蜀山精英","school":1,"shape":1120,"icon":1120,"grade":38},"612":{"weapon":21203,"name":"瑶池精英","school":4,"shape":1210,"icon":1210,"grade":44},"512":{"weapon":21103,"name":"蜀山精英","school":1,"shape":1120,"icon":1120,"grade":44},"795":{"weapon":21302,"name":"瑶池精英","school":4,"shape":1220,"icon":1220,"grade":37},"695":{"weapon":21003,"name":"金山寺精英","school":2,"shape":1110,"icon":1110,"grade":44},"595":{"weapon":21303,"name":"太初精英","school":3,"shape":1220,"icon":1220,"grade":45},"495":{"weapon":21103,"name":"金山寺精英","school":2,"shape":1120,"icon":1120,"grade":45},"45":{"weapon":21104,"name":"蜀山精英","shape":1120,"school":1,"fuhun":1,"icon":1120,"grade":53},"174":{"weapon":21103,"name":"蜀山精英","school":1,"shape":1120,"icon":1120,"grade":49},"274":{"weapon":21403,"name":"妖神宫精英","school":6,"shape":1310,"icon":1310,"grade":46},"374":{"weapon":21203,"name":"瑶池精英","school":4,"shape":1210,"icon":1210,"grade":46},"474":{"weapon":21203,"name":"瑶池精英","school":4,"shape":1210,"icon":1210,"grade":44},"978":{"weapon":21302,"name":"瑶池精英","school":4,"shape":1220,"icon":1220,"grade":36},"674":{"weapon":21403,"name":"青城精英","school":5,"shape":1310,"icon":1310,"grade":44},"774":{"weapon":21102,"name":"蜀山精英","school":1,"shape":1120,"icon":1120,"grade":37},"874":{"weapon":21302,"name":"瑶池精英","school":4,"shape":1220,"icon":1220,"grade":38},"974":{"weapon":21402,"name":"妖神宫精英","school":6,"shape":1310,"icon":1310,"grade":38},"478":{"weapon":21103,"name":"蜀山精英","school":1,"shape":1120,"icon":1120,"grade":44},"378":{"weapon":21103,"name":"蜀山精英","school":1,"shape":1120,"icon":1120,"grade":47},"823":{"weapon":21202,"name":"瑶池精英","school":4,"shape":1210,"icon":1210,"grade":37},"587":{"weapon":21103,"name":"蜀山精英","school":1,"shape":1120,"icon":1120,"grade":44},"687":{"weapon":21203,"name":"太初精英","school":3,"shape":1210,"icon":1210,"grade":45},"923":{"weapon":21402,"name":"妖神宫精英","school":6,"shape":1310,"icon":1310,"grade":38},"423":{"weapon":21203,"name":"瑶池精英","school":4,"shape":1210,"icon":1210,"grade":46},"342":{"weapon":21303,"name":"瑶池精英","school":4,"shape":1220,"icon":1220,"grade":46},"623":{"weapon":21403,"name":"妖神宫精英","school":6,"shape":1310,"icon":1310,"grade":44},"523":{"weapon":21003,"name":"金山寺精英","school":2,"shape":1110,"icon":1110,"grade":45},"642":{"weapon":21303,"name":"瑶池精英","school":4,"shape":1220,"icon":1220,"grade":45},"742":{"weapon":21102,"name":"蜀山精英","school":1,"shape":1120,"icon":1120,"grade":37},"442":{"weapon":21003,"name":"金山寺精英","school":2,"shape":1110,"icon":1110,"grade":46},"542":{"weapon":21303,"name":"太初精英","school":3,"shape":1220,"icon":1220,"grade":44},"395":{"weapon":21203,"name":"瑶池精英","school":4,"shape":1210,"icon":1210,"grade":47},"295":{"weapon":21403,"name":"妖神宫精英","school":6,"shape":1310,"icon":1310,"grade":47},"842":{"weapon":21402,"name":"青城精英","school":5,"shape":1310,"icon":1310,"grade":38},"942":{"weapon":21202,"name":"瑶池精英","school":4,"shape":1210,"icon":1210,"grade":36},"228":{"weapon":21403,"name":"妖神宫精英","school":6,"shape":1310,"icon":1310,"grade":49},"328":{"weapon":21103,"name":"蜀山精英","school":1,"shape":1120,"icon":1120,"grade":46},"485":{"weapon":21403,"name":"妖神宫精英","school":6,"shape":1310,"icon":1310,"grade":45},"585":{"weapon":21303,"name":"瑶池精英","school":4,"shape":1220,"icon":1220,"grade":44},"164":{"weapon":21403,"name":"青城精英","school":5,"shape":1310,"icon":1310,"grade":48},"728":{"weapon":21302,"name":"瑶池精英","school":4,"shape":1220,"icon":1220,"grade":37},"828":{"weapon":21302,"name":"瑶池精英","school":4,"shape":1220,"icon":1220,"grade":36},"928":{"weapon":21402,"name":"青城精英","school":5,"shape":1310,"icon":1310,"grade":36},"920":{"weapon":21202,"name":"瑶池精英","school":4,"shape":1210,"icon":1210,"grade":38},"464":{"weapon":21003,"name":"金山寺精英","school":2,"shape":1110,"icon":1110,"grade":44},"223":{"weapon":21003,"name":"金山寺精英","school":2,"shape":1110,"icon":1110,"grade":48},"123":{"weapon":21003,"name":"蜀山精英","school":1,"shape":1110,"icon":1110,"grade":48},"964":{"weapon":21202,"name":"瑶池精英","school":4,"shape":1210,"icon":1210,"grade":37},"864":{"weapon":21302,"name":"太初精英","school":3,"shape":1220,"icon":1220,"grade":36},"320":{"weapon":21103,"name":"蜀山精英","school":1,"shape":1120,"icon":1120,"grade":47},"128":{"weapon":21303,"name":"瑶池精英","school":4,"shape":1220,"icon":1220,"grade":49},"713":{"weapon":21102,"name":"蜀山精英","school":1,"shape":1120,"icon":1120,"grade":37},"813":{"weapon":21202,"name":"瑶池精英","school":4,"shape":1210,"icon":1210,"grade":37},"913":{"weapon":21202,"name":"瑶池精英","school":4,"shape":1210,"icon":1210,"grade":37},"945":{"weapon":21102,"name":"金山寺精英","school":2,"shape":1120,"icon":1120,"grade":36},"313":{"weapon":21303,"name":"太初精英","school":3,"shape":1220,"icon":1220,"grade":47},"413":{"weapon":21403,"name":"青城精英","school":5,"shape":1310,"icon":1310,"grade":46},"132":{"weapon":21003,"name":"蜀山精英","school":1,"shape":1110,"icon":1110,"grade":49},"613":{"weapon":21003,"name":"蜀山精英","school":1,"shape":1110,"icon":1110,"grade":45},"732":{"weapon":21202,"name":"瑶池精英","school":4,"shape":1210,"icon":1210,"grade":38},"632":{"weapon":21203,"name":"太初精英","school":3,"shape":1210,"icon":1210,"grade":45},"532":{"weapon":21303,"name":"太初精英","school":3,"shape":1220,"icon":1220,"grade":44},"432":{"weapon":21303,"name":"瑶池精英","school":4,"shape":1220,"icon":1220,"grade":46},"285":{"weapon":21103,"name":"蜀山精英","school":1,"shape":1120,"icon":1120,"grade":46},"385":{"weapon":21303,"name":"瑶池精英","school":4,"shape":1220,"icon":1220,"grade":46},"932":{"weapon":21202,"name":"瑶池精英","school":4,"shape":1210,"icon":1210,"grade":38},"832":{"weapon":21102,"name":"金山寺精英","school":2,"shape":1120,"icon":1120,"grade":37}},"version":0,"playeractivetime":{},"month":6}},"module":"globaldb"}
[:06-26_03-06-23][:0000001f] ==================== DbOperate {"cond":{"pid":0},"cmd":"SaveAuctionInfoByPid","data":{"data":{"item":[{"datactrl":{"apply":{"mag_attack":21},"create_time":1750906883,"skills":{},"amount":1,"data":{"quality":3},"sid":29002},"proxy_bidders":{},"data":{"price_time":1750975200,"view_time":1750968000,"show_time":1750968000,"amount":1,"price":25000,"owner":0,"sys":2,"money_type":1},"follows":{}},{"datactrl":{"apply":{},"create_time":1750906883,"skills":[{"skid":5407,"innate":0,"bind":0,"level":1}],"amount":1,"data":{"quality":4},"sid":29203},"proxy_bidders":{},"data":{"price_time":1750975200,"view_time":1750968000,"show_time":1750968000,"amount":1,"price":700,"owner":0,"sys":4,"money_type":3},"follows":{}},{"datactrl":{"amount":1,"data":{"quality":1},"create_time":1750906883,"sid":10035},"proxy_bidders":{},"data":{"price_time":1750975200,"view_time":1750968000,"show_time":1750968000,"amount":1,"price":300,"owner":0,"sys":8,"money_type":3},"follows":{}},{"datactrl":{"amount":1,"data":{"quality":2},"create_time":1750906883,"sid":11143},"proxy_bidders":{},"data":{"price_time":1750975200,"view_time":1750968000,"show_time":1750968000,"amount":1,"price":400,"owner":0,"sys":9,"money_type":3},"follows":{}}],"summ":{}}},"module":"auctiondb"}
[:06-26_03-06-23][:0000001f] ==================== DbOperate {"cond":{"name":"marryinfo"},"cmd":"SaveGlobal","data":{"data":{"marryno":0,"npccntxt":0,"divorceinfo":{},"marryplayer":{}}},"module":"globaldb"}
[:06-26_03-22-01][:00000020] 新连接到达 source=37 handle=65 parm=65 172.17.0.1:34956:0
[:06-26_03-22-01][:00000020] 往客户端发送消息 GS2CHello table: 0x7f5cbd726b40
[:06-26_03-22-01][:00000020] net 发送消息 pb_name=GS2CHello {['time']=1750908121}
[:06-26_03-22-01][:00000020] net 发送到网关 mMailBox={"fd":65,"gate":37} data长度=14
[:06-26_03-22-01][:00000020] gate zinc_client 消息 fd=65.0 iType=1008.0 module: login, cmd: C2GSQueryLogin, err-msg: nil, fd: 65
[:06-26_03-22-01][:00000020] gate zinc_client 消息 fd=65.0 iType=1008.0 mData: {}
[:06-26_03-22-01][:00000020] 网络消息 服务=login sModule=login sCmd=C2GSQueryLogin fd=65.0 mData={}
[:06-26_03-22-01][:00000029] QueryLogin 消息返回 {['res_file']={['delete_file']={},['res_file']={}}}
[:06-26_03-22-01][:00000020] 进入到 QueryLogin2 流程 {['res_file']={['delete_file']={},['res_file']={}}}
[:06-26_03-22-01][:00000020] QueryLogin2 normal {['res_file']={['delete_file']={},['res_file']={}}}
[:06-26_03-22-01][:00000020] 往客户端发送消息 GS2CQueryLogin table: 0x7f5cb86eecc0
[:06-26_03-22-01][:00000020] net 发送消息 pb_name=GS2CQueryLogin {['delete_file']={},['res_file']={}}
[:06-26_03-22-01][:00000020] net 发送到网关 mMailBox={"fd":65,"gate":37} data长度=8
[:06-26_03-22-01][:00000020] gate zinc_client 消息 fd=65.0 iType=1001.0 module: login, cmd: C2GSLoginAccount, err-msg: nil, fd: 65
[:06-26_03-22-01][:00000020] gate zinc_client 消息 fd=65.0 iType=1001.0 mData: {"mac":"02:00:00:00:00:00","udid":"52db367c04b6ebdc5ec66a831725ef05","os":"Android OS 13 \/ API-33 (TKQ1.220829.002\/V14.0.8.0.TKHCNXM)","device":"Xiaomi M2012K11AC","platform":4,"app_ver":"26","client_ver":"5.6.0","account":"123456"}
[:06-26_03-22-01][:00000020] 网络消息 服务=login sModule=login sCmd=C2GSLoginAccount fd=65.0 mData={"mac":"02:00:00:00:00:00","udid":"52db367c04b6ebdc5ec66a831725ef05","os":"Android OS 13 \/ API-33 (TKQ1.220829.002\/V14.0.8.0.TKHCNXM)","device":"Xiaomi M2012K11AC","platform":4,"app_ver":"26","client_ver":"5.6.0","account":"123456"}
[:06-26_03-22-01][:00000020] oGateMgr:IsOpen()1isLogin:1
[:06-26_03-22-01][:00000020] 往客户端发送消息 GS2CInviteCodeResult table: 0x7f5cd3484bc0
[:06-26_03-22-01][:00000020] net 发送消息 pb_name=GS2CInviteCodeResult {['errcode']=0}
[:06-26_03-22-01][:00000020] net 发送到网关 mMailBox={"fd":65,"gate":37} data长度=8
[:06-26_03-22-01][:00000020] 请求角色信息 nil {['module']="playerdb",['cond']={['channel']=0,['account']="123456"},['cmd']="GetPlayerListByAccount"}
[:06-26_03-22-01][:0000001d] ==================== DbOperate {"module":"playerdb","cond":{"account":"123456","channel":0},"cmd":"GetPlayerListByAccount"}
[:06-26_03-22-01][:0000001d] 查看玩家列表 {['account']="123456",['channel']=0}
[:06-26_03-22-01][:0000001d] 查看玩家列表结果返回 {['channel']=0,['data']={[1]={['pid']=10005,['deleted']=false,['_id']="\0\7hB\6\14Q\12\1?4",['born_server']="gs10001",['base_info']={['role_type']=1,['magic']=3,['selected_point_plan']=1,['res_seal_ratio']=0,['mag_hit_ratio']=100,['waiguan']={['curclothes']=0,['curhair']=0,['shizhuang']={},['cursz']=0,['curpant']=0},['phy_hit_res_ratio']=5,['phy_critical_ratio']=3,['res_phy_critical_ratio']=0,['sex']=1,['critical_multiple']=2,['phy_hit_ratio']=100,['point_plan']={},['position_hide']=1,['init_newrole']=1,['seal_ratio']=0,['physique']=9,['warcommand']={['1']={},['2']={},['_meta_intkey']={[1]=1,[2]=2}},['grade']=3,['point']=0,['agility']=6,['endurance']=9,['double_point']={['day']=3080,['point']=0,['point_limit']=60},['agree']={},['rename']=0,['position']="未知",['gamepush']={['values']={}},['mag_hit_res_ratio']=0,['res_mag_critical_ratio']=0,['strength']=3,['zhenmo']={['week']={},['layers']={},['day']={},['lasttime']=1749439596},['model_info']={['scale']=0,['mutate_texture']=0,['adorn']=0,['color']={['1']=0,['_meta_intkey']={[1]=1}},['weapon']=21019,['fuhun']=0,['shape']=1110},['other_info']={['signin_Info']={['curday']=0,['createday']=3080,['firstmonth']=1,['extrasignincnt']=0,['rewardset']=4,['signincnt']=0},['all_charge']={['rmb']=0,['goldcoin']=0},['mailed_upgrade']={['9']=5101,['_meta_intkey']={[1]=9}},['max_score']=260,['store_charge']={['rmb']=0,['goldcoin']=0},['caishen']={['reward_key']=0,['hd_id']=0},['login_gift_days']=1,['newbie_guide']={['exdata']="hasplay",['links']={['EquipGetNew']={['step']=1,['exdata']=""},['ItemBagView']={['step']=3,['exdata']=""},['War3']={['step']=4,['exdata']=""},['Task1']={['step']=1,['exdata']=""}}}},['fmt_data']={['data']={},['fmt_data']={['1']={['data']={['grade']=1,['exp']=0}}}},['growinfo']={['growinfo']={['4']={['reward']=1,['finish']=1}}},['school']=2,['bianshen']={['all_bian']={}},['sys_config']={['values']={},['on_off']=0},['mag_critical_ratio']=0},['name']="衍生℃随远",['account']="123456"}},['account']="123456"}
[:06-26_03-22-01][:00000020] 往客户端发送消息 GS2CLoginAccount table: 0x7f5cbec55a00
[:06-26_03-22-01][:00000020] net 发送消息 pb_name=GS2CLoginAccount {['role_list']={[1]={['grade']=3,['pid']=10005,['school']=2,['name']="衍生℃随远",['model_info']={['shape']=1110,['scale']=0,['color']={[1]=0},['adorn']=0,['weapon']=21019,['mutate_texture']=0}}},['channel']=0,['account']="123456"}
[:06-26_03-22-01][:00000020] net 发送到网关 mMailBox={"fd":65,"gate":37} data长度=53
[:06-26_03-22-02][:00000020] gate zinc_client 消息 fd=65.0 iType=1002.0 module: login, cmd: C2GSLoginRole, err-msg: nil, fd: 65
[:06-26_03-22-02][:00000020] gate zinc_client 消息 fd=65.0 iType=1002.0 mData: {"pid":10005}
[:06-26_03-22-02][:00000020] 网络消息 服务=login sModule=login sCmd=C2GSLoginRole fd=65.0 mData={"pid":10005}
[:06-26_03-22-02][:0000001d] ==================== DbOperate {"module":"playerdb","cond":{"pid":10005},"cmd":"GetPlayer"}
[:06-26_03-22-02][:0000001d] ==================== DbOperate {"module":"playerdb","cond":{"pid":10005},"cmd":"GetPlayer"}
[:06-26_03-22-02][:0000001d] ==================== DbOperate {"module":"playerdb","cond":{"pid":10005},"cmd":"LoadPlayerMain"}
[:06-26_03-22-02][:0000001d] ==================== DbOperate {"module":"playerdb","cond":{"pid":10005},"cmd":"LoadPlayerBase"}
[:06-26_03-22-02][:0000001d] ==================== DbOperate {"module":"playerdb","cond":{"pid":10005},"cmd":"LoadPlayerActive"}
[:06-26_03-22-02][:0000001d] ==================== DbOperate {"module":"playerdb","cond":{"pid":10005},"cmd":"LoadPlayerItem"}
[:06-26_03-22-02][:0000001d] ==================== DbOperate {"module":"playerdb","cond":{"pid":10005},"cmd":"LoadPlayerTask"}
[:06-26_03-22-02][:0000001d] ==================== DbOperate {"module":"playerdb","cond":{"pid":10005},"cmd":"LoadPlayerWareHouse"}
[:06-26_03-22-02][:0000001d] ==================== DbOperate {"module":"playerdb","cond":{"pid":10005},"cmd":"LoadSkillInfo"}
[:06-26_03-22-02][:0000001d] ==================== DbOperate {"module":"playerdb","cond":{"pid":10005},"cmd":"LoadPlayerTimeInfo"}
[:06-26_03-22-02][:0000001d] ==================== DbOperate {"module":"playerdb","cond":{"pid":10005},"cmd":"LoadPlayerSummon"}
[:06-26_03-22-02][:0000001d] ==================== DbOperate {"module":"playerdb","cond":{"pid":10005},"cmd":"LoadPlayerSchedule"}
[:06-26_03-22-02][:0000001d] ==================== DbOperate {"module":"playerdb","cond":{"pid":10005},"cmd":"LoadPlayerState"}
[:06-26_03-22-02][:0000001d] ==================== DbOperate {"module":"playerdb","cond":{"pid":10005},"cmd":"LoadPlayerPartner"}
[:06-26_03-22-02][:0000001d] ==================== DbOperate {"module":"playerdb","cond":{"pid":10005},"cmd":"LoadPlayerTitle"}
[:06-26_03-22-02][:0000001d] ==================== DbOperate {"module":"playerdb","cond":{"pid":10005},"cmd":"LoadPlayerTouxian"}
[:06-26_03-22-02][:0000001d] ==================== DbOperate {"module":"playerdb","cond":{"pid":10005},"cmd":"LoadPlayerAchieve"}
[:06-26_03-22-02][:0000001d] ==================== DbOperate {"module":"playerdb","cond":{"pid":10005},"cmd":"LoadPlayerRide"}
[:06-26_03-22-02][:0000001d] ==================== DbOperate {"module":"playerdb","cond":{"pid":10005},"cmd":"LoadPlayerTempItem"}
[:06-26_03-22-02][:0000001d] ==================== DbOperate {"module":"playerdb","cond":{"pid":10005},"cmd":"LoadPlayerRecovery"}
[:06-26_03-22-02][:0000001d] ==================== DbOperate {"module":"playerdb","cond":{"pid":10005},"cmd":"LoadPlayerEquip"}
[:06-26_03-22-02][:0000001d] ==================== DbOperate {"module":"playerdb","cond":{"pid":10005},"cmd":"LoadPlayerStore"}
[:06-26_03-22-02][:0000001d] ==================== DbOperate {"module":"playerdb","cond":{"pid":10005},"cmd":"LoadPlayerSummonCk"}
[:06-26_03-22-02][:0000001d] ==================== DbOperate {"module":"playerdb","cond":{"pid":10005},"cmd":"LoadPlayerFaBao"}
[:06-26_03-22-02][:0000001d] ==================== DbOperate {"module":"playerdb","cond":{"pid":10005},"cmd":"LoadPlayerArtifact"}
[:06-26_03-22-02][:0000001d] ==================== DbOperate {"module":"playerdb","cond":{"pid":10005},"cmd":"LoadPlayerWing"}
[:06-26_03-22-02][:0000001d] ==================== DbOperate {"module":"playerdb","cond":{"pid":10005},"cmd":"LoadPlayerMarryInfo"}
[:06-26_03-22-02][:0000001d] ==================== DbOperate {"module":"offlinedb","cond":{"pid":10005},"cmd":"LoadOfflineProfile"}
[:06-26_03-22-02][:0000001d] ==================== DbOperate {"module":"offlinedb","cond":{"pid":10005},"cmd":"LoadOfflineFriend"}
[:06-26_03-22-02][:0000001d] ==================== DbOperate {"module":"offlinedb","cond":{"pid":10005},"cmd":"LoadOfflineMailBox"}
[:06-26_03-22-02][:0000001d] ==================== DbOperate {"module":"offlinedb","cond":{"pid":10005},"cmd":"LoadOfflineJJC"}
[:06-26_03-22-02][:0000001d] ==================== DbOperate {"module":"offlinedb","cond":{"pid":10005},"cmd":"LoadOfflineChallenge"}
[:06-26_03-22-02][:0000001d] ==================== DbOperate {"module":"offlinedb","cond":{"pid":10005},"cmd":"LoadOfflineWanfaCtrl"}
[:06-26_03-22-02][:0000001d] ==================== DbOperate {"module":"offlinedb","cond":{"pid":10005},"cmd":"LoadOfflinePrivacy"}
[:06-26_03-22-02][:0000001d] ==================== DbOperate {"module":"offlinedb","cond":{"pid":10005},"cmd":"LoadOfflineFeedBack"}
[:06-26_03-22-02][:0000002c] net 发送消息 pb_name=GS2CLoginWing {['info']={['seal_ratio']=0,['cure_power']=0,['time_wing_list']={},['exp']=0,['mag_defense']=0,['mask']="37fffc",['score']=0,['res_seal_ratio']=0,['speed']=0,['level']=0,['res_mag_critical_ratio']=0,['phy_defense']=0,['phy_critical_ratio']=0,['max_mp']=0,['res_phy_critical_ratio']=0,['phy_attack']=0,['max_hp']=0,['star']=0,['mag_attack']=0,['mag_critical_ratio']=0},['has_open']=0}
[:06-26_03-22-02][:0000002c] net 发送到网关 mMailBox={"fd":65,"gate":37} data长度=18
[:06-26_03-22-02][:0000002c] net 发送消息 pb_name=GS2CLoginRole {['role_token']="17509081220001",['pid']=10005,['channel']=0,['create_time']=1749194246,['is_gm']=0,['role']={['wuxun']=0,['org_id']=0,['engage_info']={},['mag_defense']=70,['mask']="1fc3ffffffffffffffe",['magic']=3,['sex']=1,['icon']=1110,['phy_defense']=69,['title_info_changed']={},['gold_owe']=0,['position_hide']=1,['orgname']="",['title_list']={},['org_pos']=0,['cure_power']=11,['model_info_changed']={['scale']=0,['adorn']=0,['color']={[1]=0},['fuhun']=0,['weapon']=21019,['ranse_pant']=0,['ranse_hair']=0,['ranse_clothes']=0,['horse']=0,['mutate_texture']=0,['follow_spirit']=0,['shape']=1110},['gold']=0,['agility']=6,['endurance']=9,['max_hp']=272,['hp']=272,['phy_attack']=108,['energy']=0,['goldcoin']=0,['point']=0,['model_info']={['scale']=0,['adorn']=0,['fuhun']=0,['weapon']=21019,['ranse_pant']=0,['ranse_hair']=0,['ranse_clothes']=0,['horse']=0,['mutate_texture']=0,['follow_spirit']=0,['shape']=1110},['title_info']={},['org_offer']=0,['speed']=83,['prop_info']={[1]={['name']="phy_defense",['ratio']=0,['base']=69000.0,['extra']=0},[2]={['name']="max_mp",['ratio']=0,['base']=260000.0,['extra']=0},[3]={['name']="max_hp",['ratio']=0,['base']=272000.0,['extra']=0},[4]={['name']="speed",['ratio']=0,['base']=83000.0,['extra']=0},[5]={['name']="phy_attack",['ratio']=0,['base']=103000.0,['extra']=5000},[6]={['name']="mag_attack",['ratio']=0,['base']=83000.0,['extra']=1000},[7]={['name']="mag_defense",['ratio']=0,['base']=70000.0,['extra']=0}},['res_mag_critical_ratio']=0,['phy_critical_ratio']=3,['max_mp']=260,['org_status']=0,['rplgoldcoin']=0,['name']="衍生℃随远",['silver']=0,['mag_attack']=84,['seal_ratio']=0,['physique']=9,['achieve']=0,['exp']=0,['show_id']=10005,['position']="未知",['skill_point']=0,['grade']=3,['fly_height']=0,['gold_over']=0,['rename']=0,['sp']=0,['jjcpoint']=0,['critical_multiple']=2,['upvote_amount']=0,['goldcoin_owe']=0,['mp']=260,['truegoldcoin_owe']=0,['score']=260,['followers']={},['silver_over']=0,['res_phy_critical_ratio']=0,['vigor']=0,['strength']=3,['res_seal_ratio']=0,['max_sp']=150,['school']=2,['chubeiexp']=0,['silver_owe']=0,['mag_critical_ratio']=0},['account']="123456"}ret.['role'].['model_info'].['color']=ret.['role'].['model_info_changed'].['color']
[:06-26_03-22-02][:0000002c] net 发送到网关 mMailBox={"fd":65,"gate":37} data长度=329
[:06-26_03-22-02][:0000002c] net 发送消息 pb_name=GS2CServerGradeInfo {['days']=1,['server_type']="gs",['server_grade']=59}
[:06-26_03-22-02][:0000002c] net 发送到网关 mMailBox={"fd":65,"gate":37} data长度=16
[:06-26_03-22-02][:0000002c] net 发送消息 pb_name=GS2CShowScene {['y']=4300,['x']=5300,['map_id']=302000,['scene_name']="金山寺",['scene_id']=5}
[:06-26_03-22-02][:0000002c] net 发送到网关 mMailBox={"fd":65,"gate":37} data长度=31
[:06-26_03-22-02][:0000002c] net 发送消息 pb_name=GS2CLoginItem {['extsize']=0,['itemdata']={[1]={['itemlevel']=0,['id']=212,['cycreate_time']=0,['desc']="",['equip_info']={['fuzhuan']={},['last']=200,['attach_attr']={},['score']=40000,['se']={},['hunshi']={},['is_make']=1,['sk']={}},['name']="木剑",['amount']=1,['pos']=1,['key']=0,['apply_info']={[1]={['key']="phy_attack",['value']=5.25},[2]={['key']="mag_attack",['value']=1.05},[3]={['key']="cure_power",['value']=1.05}},['sid']=21019}}}
[:06-26_03-22-02][:0000002c] net 发送到网关 mMailBox={"fd":65,"gate":37} data长度=88
[:06-26_03-22-02][:00000034] net 发送消息 pb_name=GS2CEnterScene {['scene_id']=5,['eid']=4,['pos_info']={['y']=4300,['x']=5300,['face_y']=0,['face_x']=0,['v']=2800}}
[:06-26_03-22-02][:00000034] net 发送到网关 mMailBox={"gate":37,"fd":65} data长度=23
[:06-26_03-22-02][:0000002c] net 发送消息 pb_name=GS2CLoginSkill {['active_skill']={[1]={['type']=2,['sk']=1200,['needmoney']=0,['needpoint']=2,['level']=1}},['passive_skill']={[1]={['sk']=2201,['level']=0,['needmoney']=206,['type']=2},[2]={['sk']=2202,['level']=0,['needmoney']=206,['type']=2},[3]={['sk']=2203,['level']=0,['needmoney']=206,['type']=2},[4]={['sk']=2204,['level']=0,['needmoney']=206,['type']=2},[5]={['sk']=2205,['level']=0,['needmoney']=206,['type']=2},[6]={['sk']=2206,['level']=0,['needmoney']=206,['type']=2}}}
[:06-26_03-22-02][:0000002c] net 发送到网关 mMailBox={"fd":65,"gate":37} data长度=79
[:06-26_03-22-02][:0000002c] net 发送消息 pb_name=GS2CMarrySkill {['skill_list']={}}
[:06-26_03-22-02][:0000002c] net 发送到网关 mMailBox={"fd":65,"gate":37} data长度=8
[:06-26_03-22-02][:0000002c] net 发送消息 pb_name=GS2CChangeVisibility {['npcs']={[1]={['id']=5270,['value']=0},[2]={['id']=5271,['value']=0}}}
[:06-26_03-22-02][:0000002c] net 发送到网关 mMailBox={"fd":65,"gate":37} data长度=18
[:06-26_03-22-02][:0000002c] net 发送消息 pb_name=GS2CSetGhostEye {['open']=0}
[:06-26_03-22-02][:0000002c] net 发送到网关 mMailBox={"fd":65,"gate":37} data长度=8
[:06-26_03-22-02][:0000002c] net 发送消息 pb_name=GS2CLoginTask {['taskdata']={[1]={['pickitem']={},['tasktype']=1,['detaildesc']="回到家的许仙对姐姐很冷漠，姐姐让你帮忙喂小狗。",['taskitem']={},['taskid']=10006,['time']=0,['isreach']=0,['isdone']=0,['name']="照顾小狗",['clientnpc']={[1]={['func_group']="task.story",['npctype']=10006,['model_info']={['figure']=3125},['npcid']=169,['name']="许娇容",['map_id']=103000,['pos_info']={['y']=15800,['x']=33600,['face_y']=0,['z']=0,['face_z']=0,['face_x']=0},['title']=""}},['target']=10006,['create_time']=1749440677,['targetdesc']="施展法术将许仙送回人间界，和@submitnpc@许娇容#n对话"}}}
[:06-26_03-22-02][:0000002c] net 发送到网关 mMailBox={"fd":65,"gate":37} data长度=232
[:06-26_03-22-02][:0000002c] net 发送消息 pb_name=GS2CShimenInfo {['done_daily']=0,['daily_full']=0,['done_weekly']=0}
[:06-26_03-22-02][:0000002c] net 发送到网关 mMailBox={"fd":65,"gate":37} data长度=8
[:06-26_03-22-02][:0000002c] net 发送消息 pb_name=GS2CLoginStoryInfo {['chapter_section']={['chapter']=1,['section']=1},['chapter_rewarded']={}}
[:06-26_03-22-02][:0000002c] net 发送到网关 mMailBox={"fd":65,"gate":37} data长度=14
[:06-26_03-22-02][:0000002c] net 发送消息 pb_name=GS2CLoginUnlockedTags {['tags']={}}
[:06-26_03-22-02][:0000002c] net 发送到网关 mMailBox={"fd":65,"gate":37} data长度=8
[:06-26_03-22-02][:0000002c] net 发送消息 pb_name=GS2CAcceptableTasks {['taskids']={}}
[:06-26_03-22-02][:0000002c] net 发送到网关 mMailBox={"fd":65,"gate":37} data长度=8
[:06-26_03-22-02][:0000002c] net 发送消息 pb_name=GS2CAllEverydayTaskInfo {['all']={[1]={['rewarded']=0,['cur_cnt']=0,['taskid']=1,['max_cnt']=0}}}
[:06-26_03-22-02][:0000002c] net 发送到网关 mMailBox={"fd":65,"gate":37} data长度=12
[:06-26_03-22-02][:0000002c] net 发送消息 pb_name=GS2CAssistExp {['assist_exp']=0,['max_assist_exp']=130000}
[:06-26_03-22-02][:0000002c] net 发送到网关 mMailBox={"fd":65,"gate":37} data长度=12
[:06-26_03-22-02][:0000002c] net 发送消息 pb_name=GS2CWareHouseInfo {['namelist']={[1]="仓库1",[2]="仓库2"},['size']=2}
[:06-26_03-22-02][:0000002c] net 发送到网关 mMailBox={"fd":65,"gate":37} data长度=28
[:06-26_03-22-02][:0000002c] net 发送消息 pb_name=GS2CSysConfig {['values']={},['on_off']=0}
[:06-26_03-22-02][:0000002c] net 发送到网关 mMailBox={"fd":65,"gate":37} data长度=8
[:06-26_03-22-02][:0000002c] net 发送消息 pb_name=GS2CGamePushConfig {['values']={}}
[:06-26_03-22-02][:0000002c] net 发送到网关 mMailBox={"fd":65,"gate":37} data长度=8
[:06-26_03-22-02][:0000002c] net 发送消息 pb_name=GS2CRefreshWarCmd {['warcmds']={[1]={['cmds']={},['type']=1},[2]={['cmds']={},['type']=2}}}
[:06-26_03-22-02][:0000002c] net 发送到网关 mMailBox={"fd":65,"gate":37} data长度=16
[:06-26_03-22-02][:0000002c] net 发送消息 pb_name=GS2CSyncTesterKeys {['keys']={}}
[:06-26_03-22-02][:0000002c] net 发送到网关 mMailBox={"fd":65,"gate":37} data长度=8
[:06-26_03-22-02][:0000002c] net 发送消息 pb_name=GS2CAllGrowInfo {['growinfo']={[1]={['reward']=1,['index']=4,['finish']=1}}}
[:06-26_03-22-02][:0000002c] net 发送到网关 mMailBox={"fd":65,"gate":37} data长度=16
[:06-26_03-22-02][:0000002c] net 发送消息 pb_name=GS2CRefreshFubenRewardCnt {['reward_list']={[1]={['reward_cnt']=0,['fuben_id']=10002},[2]={['reward_cnt']=0,['fuben_id']=10001},[3]={['reward_cnt']=0,['fuben_id']=20002},[4]={['reward_cnt']=0,['fuben_id']=20001}}}
[:06-26_03-22-02][:0000002c] net 发送到网关 mMailBox={"fd":65,"gate":37} data长度=30
[:06-26_03-22-02][:0000002c] net 发送消息 pb_name=GS2CZhenmoRefresh {['layers']={},['is_newday']=1}
[:06-26_03-22-02][:0000002c] net 发送到网关 mMailBox={"fd":65,"gate":37} data长度=10
[:06-26_03-22-02][:0000002c] net 发送消息 pb_name=GS2CLoginShiZhuang {['szlist']={[1]={['curpant']=0,['sz']=0,['curclothes']=0,['curhair']=0}}}
[:06-26_03-22-02][:0000002c] net 发送到网关 mMailBox={"fd":65,"gate":37} data长度=10
[:06-26_03-22-02][:0000002c] net 发送消息 pb_name=GS2CLoginGradeGiftInfo {['rewarded']={}}
[:06-26_03-22-02][:0000002c] net 发送到网关 mMailBox={"fd":65,"gate":37} data长度=8
[:06-26_03-22-02][:0000002c] net 发送消息 pb_name=GS2CLoginPreopenGiftInfo {['rewarded']={}}
[:06-26_03-22-02][:0000002c] net 发送到网关 mMailBox={"fd":65,"gate":37} data长度=8
[:06-26_03-22-02][:0000002c] net 发送消息 pb_name=GS2CLoginSummon {['summondata']={},['extsize']=0,['fightid']=0}
[:06-26_03-22-02][:0000002c] net 发送到网关 mMailBox={"fd":65,"gate":37} data长度=8
[:06-26_03-22-02][:0000002c] net 发送消息 pb_name=GS2CSummonFollow {['id']=0}
[:06-26_03-22-02][:0000002c] net 发送到网关 mMailBox={"fd":65,"gate":37} data长度=8
[:06-26_03-22-02][:0000002c] net 发送消息 pb_name=GS2CSchedule {['schedules']={},['rewardidx']=0,['db_point_limit']=840,['db_point']=0,['activepoint']=0,['curtime']=1750908122,['hdlist']={[1]={['state']=1,['time']="19:15",['scheduleid']=1018},[2]={['state']=1,['time']="10:30",['scheduleid']=1021},[3]={['state']=1,['time']="12:45",['scheduleid']=1019}}}
[:06-26_03-22-02][:0000002c] net 发送到网关 mMailBox={"fd":65,"gate":37} data长度=59
[:06-26_03-22-02][:0000002c] net 发送消息 pb_name=GS2CAddState {['state_info']={['time']=0,['state_id']=1006,['hide']=1,['name']="服务器加成",['data']={[1]={['key']="ratio",['value']=0}},['desc']="服务器等级较高，升级享受额外经验加成。"}}
[:06-26_03-22-02][:0000002c] net 发送到网关 mMailBox={"fd":65,"gate":37} data长度=101
[:06-26_03-22-02][:0000002c] net 发送消息 pb_name=GS2CLoginState {['state_info']={[1]={['time']=0,['state_id']=1006,['hide']=1,['name']="服务器加成",['data']={[1]={['key']="ratio",['value']=0}},['desc']="服务器等级较高，升级享受额外经验加成。"},[2]={['time']=0,['state_id']=1003,['hide']=0,['name']="饱食",['data']={[1]={['key']="count",['value']=200}},['desc']="战斗结束时自动恢复人物、伙伴和宠物的气血和法力"}}}
[:06-26_03-22-02][:0000002c] net 发送到网关 mMailBox={"fd":65,"gate":37} data长度=200
[:06-26_03-22-02][:0000002c] net 发送消息 pb_name=GS2CLoginPartner {['partners']={},['lineup']=1}
[:06-26_03-22-02][:0000002c] net 发送到网关 mMailBox={"fd":65,"gate":37} data长度=10
[:06-26_03-22-02][:0000002c] net 发送消息 pb_name=GS2CTitleInfoList {['infos']={}}
[:06-26_03-22-02][:0000002c] net 发送到网关 mMailBox={"fd":65,"gate":37} data长度=8
[:06-26_03-22-02][:0000002c] net 发送消息 pb_name=GS2CAllFaBao {['fabaolist']={}}
[:06-26_03-22-02][:0000002c] net 发送到网关 mMailBox={"fd":65,"gate":37} data长度=8
[:06-26_03-22-02][:0000002c] net 发送消息 pb_name=GS2CAllFormationInfo {['fmt_list']={[1]={['grade']=1,['exp']=0,['fmt_id']=1}},['fmt_curr']=1,['fmt_learn_limit']=2}
[:06-26_03-22-02][:0000002c] net 发送到网关 mMailBox={"fd":65,"gate":37} data长度=18
[:06-26_03-22-02][:0000002c] net 发送消息 pb_name=GS2CPromote {['score']=260,['result']=1,['sumscore']=180,['open']=0,['radio']={[1]=10000,[2]=-nan,[3]=-nan,[4]=-nan,[5]=45,[6]=-nan,[7]=-nan,[8]=-nan,[9]=-nan,[10]=-nan,[11]=-nan,[12]=-nan,[13]=-nan,[14]=-nan,[15]=-nan}}
[:06-26_03-22-02][:0000002c] net 发送到网关 mMailBox={"fd":65,"gate":37} data长度=47
[:06-26_03-22-02][:0000002c] net 发送消息 pb_name=GS2CLoginTempItem {['itemdata']={}}
[:06-26_03-22-02][:0000002c] net 发送到网关 mMailBox={"fd":65,"gate":37} data长度=8
[:06-26_03-22-02][:0000002c] net 发送消息 pb_name=GS2CPlayerRideInfo {['info']={['ride_infos']={},['choose_skills']={},['use_ride']=0,['skills']={},['mask']="7be",['score']=0,['exp']=0,['grade']=0,['attrs']={},['point']=0}}
[:06-26_03-22-02][:0000002c] net 发送到网关 mMailBox={"fd":65,"gate":37} data长度=15
[:06-26_03-22-02][:0000002c] net 发送消息 pb_name=GS2CLoginStoreInfo {['item_info']={[1]={['day_buy_cnt']=0,['limit']=10,['forever_buy_cnt']=0,['week_buy_cnt']=0,['item_id']=300301},[2]={['day_buy_cnt']=0,['limit']=1,['forever_buy_cnt']=0,['week_buy_cnt']=0,['item_id']=300302},[3]={['day_buy_cnt']=0,['limit']=1,['forever_buy_cnt']=0,['week_buy_cnt']=0,['item_id']=300303},[4]={['day_buy_cnt']=0,['limit']=1,['forever_buy_cnt']=0,['week_buy_cnt']=0,['item_id']=300304},[5]={['day_buy_cnt']=0,['limit']=1,['forever_buy_cnt']=0,['week_buy_cnt']=0,['item_id']=301057},[6]={['day_buy_cnt']=0,['limit']=1,['forever_buy_cnt']=0,['week_buy_cnt']=0,['item_id']=301058},[7]={['day_buy_cnt']=0,['limit']=10,['forever_buy_cnt']=0,['week_buy_cnt']=0,['item_id']=301043},[8]={['day_buy_cnt']=0,['limit']=5,['forever_buy_cnt']=0,['week_buy_cnt']=0,['item_id']=301044},[9]={['day_buy_cnt']=0,['limit']=5,['forever_buy_cnt']=0,['week_buy_cnt']=0,['item_id']=301021},[10]={['day_buy_cnt']=0,['limit']=100,['forever_buy_cnt']=0,['week_buy_cnt']=0,['item_id']=301022},[11]={['day_buy_cnt']=0,['limit']=10,['forever_buy_cnt']=0,['week_buy_cnt']=0,['item_id']=301023},[12]={['day_buy_cnt']=0,['limit']=10,['forever_buy_cnt']=0,['week_buy_cnt']=0,['item_id']=301027},[13]={['day_buy_cnt']=0,['limit']=6,['forever_buy_cnt']=0,['week_buy_cnt']=0,['item_id']=301028},[14]={['day_buy_cnt']=0,['limit']=6,['forever_buy_cnt']=0,['week_buy_cnt']=0,['item_id']=301029},[15]={['day_buy_cnt']=0,['limit']=6,['forever_buy_cnt']=0,['week_buy_cnt']=0,['item_id']=301030},[16]={['day_buy_cnt']=0,['limit']=100,['forever_buy_cnt']=0,['week_buy_cnt']=0,['item_id']=301032},[17]={['day_buy_cnt']=0,['limit']=7,['forever_buy_cnt']=0,['week_buy_cnt']=0,['item_id']=301036},[18]={['day_buy_cnt']=0,['limit']=5,['forever_buy_cnt']=0,['week_buy_cnt']=0,['item_id']=301037}}}
[:06-26_03-22-02][:0000002c] net 发送到网关 mMailBox={"fd":65,"gate":37} data长度=152
[:06-26_03-22-02][:0000002c] net 发送消息 pb_name=GS2CEquipLogin {['fh_point']=0}
[:06-26_03-22-02][:0000002c] net 发送到网关 mMailBox={"fd":65,"gate":37} data长度=8
[:06-26_03-22-02][:0000002c] net 发送消息 pb_name=GS2CLoginCkSummon {['extsize']=0,['summondata']={}}
[:06-26_03-22-02][:0000002c] net 发送到网关 mMailBox={"fd":65,"gate":37} data长度=8
[:06-26_03-22-02][:0000002c] net 发送消息 pb_name=GS2CUpdateStrengthenInfo {['mask']="6",['strengthen_info']={},['master_score']=0}
[:06-26_03-22-02][:0000002c] net 发送到网关 mMailBox={"fd":65,"gate":37} data长度=11
[:06-26_03-22-02][:0000002c] net 发送消息 pb_name=GS2CLoginMail {['simpleinfo']={[1]={['createtime']=1749439675,['openicon']="h7_xinfeng_6",['mailtype']=101,['mailid']=1,['validtime']=1752031675,['hasattach']=0,['title']="游戏画面配置",['opened']=0,['readtodel']=0,['icon']="h7_xinfeng_1",['audio']=""}}}
[:06-26_03-22-02][:0000002c] net 发送到网关 mMailBox={"fd":65,"gate":37} data长度=74
[:06-26_03-22-02][:0000002c] net 发送消息 pb_name=GS2CLoginFriend {['friend_chat_list']={},['friend_onlinestatus_list']={},['black_list']={}}
[:06-26_03-22-02][:0000002c] net 发送到网关 mMailBox={"fd":65,"gate":37} data长度=8
[:06-26_03-22-02][:0000002c] net 发送消息 pb_name=GS2CLoginOpenSys {['open_sys']={[1]="BAOTASK",[2]="STRENGTH_RANK",[3]="BAITAN",[4]="STATE",[5]="SHOP",[6]="LEITAI",[7]="FIGHT_GIFT",[8]="SUMMON_LY",[9]="SOURCE_EQUIP",[10]="WELFARE_COLLECT",[11]="STORE_SYS_302",[12]="WELFARE_REBATE",[13]="FIRST_PAY",[14]="GUIDEPAY",[15]="SOURCE_PARTNER",[16]="TEMPBAG",[17]="BORN_STORY_TASK",[18]="ORG_RANK",[19]="REDPACKET",[20]="PARTNER_BZ",[21]="SOURCE_GAME_TECH",[22]="FMT_SYS",[23]="STORE_SYS_201",[24]="WELFARE",[25]="SCORESHOW",[26]="SUMMON_SYS",[27]="PARTNER_ZB",[28]="SUMMON_JN",[29]="SHANGHUI",[30]="RECOMMEND",[31]="GRADE_RANK",[32]="SECOND_PAY",[33]="CHUMO_POINT_STORE",[34]="SOURCE_UPGRADE_TECH",[35]="RECOVERY",[36]="STORE_SYS_204",[37]="SOURCE_SUMMON",[38]="SOURCE_CAMBAT_SKILL",[39]="PREOPEN",[40]="PAY_SYS",[41]="TITLE_RANK",[42]="SUMMON_RANK",[43]="RANSE",[44]="STORE_SYS_203",[45]="LEADER_POINT_STORE",[46]="RETRIEVE_EXP",[47]="REDEEM_CODE",[48]="SOURCE_HELP_SKILL",[49]="ONLINE_GIFT",[50]="ADVANCE",[51]="MAIL_SYS",[52]="SHIZHUANG",[53]="KAIFUDIANLI",[54]="FORESHOW",[55]="SUMMON_PY",[56]="STORE_SYS_301",[57]="STORE_SYS_304",[58]="STORE_SYS_202"}}
[:06-26_03-22-02][:0000002c] net 发送到网关 mMailBox={"fd":65,"gate":37} data长度=738
[:06-26_03-22-02][:0000002c] net 发送消息 pb_name=GS2CSysOpenNotified {['sys_ids']={}}
[:06-26_03-22-02][:0000002c] net 发送到网关 mMailBox={"fd":65,"gate":37} data长度=8
[:06-26_03-22-02][:0000002c] net 发送消息 pb_name=GS2CNewbieGuideInfo {['no_guide']=0,['exdata']="hasplay",['guide_links']={[1]={['linkid']="EquipGetNew",['step']=1,['exdata']=""},[2]={['linkid']="ItemBagView",['step']=3,['exdata']=""},[3]={['linkid']="Task1",['step']=1,['exdata']=""},[4]={['linkid']="War3",['step']=4,['exdata']=""}}}
[:06-26_03-22-02][:0000002c] net 发送到网关 mMailBox={"fd":65,"gate":37} data长度=72
[:06-26_03-22-02][:00000062] 网络消息 服务=net_recv_proxy iFd=65.0 iType=9001.0 sData=null
[:06-26_03-22-02][:00000062] 网络消息 服务=net_recv_proxy iFd=65.0 iType=3007.0 sData=null
[:06-26_03-22-02][:00000062] 网络消息 服务=net_recv_proxy iFd=65.0 iType=31003.0 sData=null
[:06-26_03-22-02][:0000002c] net 发送消息 pb_name=GS2CRefreshSchedule {['activepoint']=0,['schedule']={['times']=0,['activepoint']=0,['maxtimes']=35,['scheduleid']=1008}}
[:06-26_03-22-02][:0000002c] net 发送到网关 mMailBox={"fd":65,"gate":37} data长度=15
[:06-26_03-22-02][:0000002c] net 发送消息 pb_name=GS2CForeShowInfo {['info_list']={[1]={['content_id']=1002,['show_type']=1},[2]={['content_id']=2001,['show_type']=2}}}
[:06-26_03-22-02][:0000002c] net 发送到网关 mMailBox={"fd":65,"gate":37} data长度=22
[:06-26_03-22-02][:0000002c] net 发送消息 pb_name=GS2CWelfareGiftInfo {['store_charge_rmb']=0,['mask']="100"}
[:06-26_03-22-02][:0000002c] net 发送到网关 mMailBox={"fd":65,"gate":37} data长度=13
[:06-26_03-22-02][:0000002c] net 发送消息 pb_name=GS2CWelfareGiftInfo {['new_day_time']=74278,['first_pay_gift_third']={[1]={['key']="first_pay_reward_third",['val']=0},[2]={['key']="create_time",['val']=1749194246},[3]={['key']="first_pay_extra_third",['val']=0}},['mask']="1fe",['rebate_gift']={[1]={['key']="rebate_gift_200",['val']=0},[2]={['key']="rebate_gift_20000",['val']=0},[3]={['key']="rebate_gift_50000",['val']=0},[4]={['key']="rebate_gift_1000",['val']=0},[5]={['key']="rebate_gift_100000",['val']=0},[6]={['key']="rebate_gift_2000",['val']=0},[7]={['key']="rebate_gift_5000",['val']=0},[8]={['key']="rebate_gift_10000",['val']=0},[9]={['key']="rebate_gold_coin",['val']=0}},['first_pay_gift_second']={[1]={['key']="first_pay_reward_second",['val']=0},[2]={['key']="create_time",['val']=1749194246},[3]={['key']="first_pay_extra_second",['val']=0}},['second_pay_gift']={[1]={['key']="second_pay_reward",['val']=0}},['first_pay_gift']={[1]={['key']="first_pay_reward",['val']=0},[2]={['key']="create_time",['val']=1749194246},[3]={['key']="first_pay_extra",['val']=0}},['store_charge_rmb']=0,['login_gift']={[1]={['key']="login_gift_8",['val']=0},[2]={['key']="login_gift_6",['val']=0},[3]={['key']="login_gift_1",['val']=1},[4]={['key']="login_gift_3",['val']=0},[5]={['key']="login_gift_7",['val']=0},[6]={['key']="login_gift_4",['val']=0},[7]={['key']="login_gift_2",['val']=1},[8]={['key']="login_gift_5",['val']=0}}}
[:06-26_03-22-02][:0000002c] net 发送到网关 mMailBox={"fd":65,"gate":37} data长度=560
[:06-26_03-22-02][:0000002c] net 发送消息 pb_name=GS2CKaiFuRankReward {['orglevel']={['rewarddata']={[1]={['reward']=0,['flag']=2},[2]={['reward']=0,['flag']=3}},['endtime']=1751414400},['createtime']=1749194246,['orgcnt']={['rewarddata']={[1]={['reward']=0,['flag']=80},[2]={['reward']=0,['flag']=130},[3]={['reward']=0,['flag']=140},[4]={['reward']=0,['flag']=110},[5]={['reward']=0,['flag']=120}},['endtime']=1751414400},['playergrade']={['rewarddata']={[1]={['reward']=3,['flag']=48},[2]={['reward']=3,['flag']=43},[3]={['reward']=3,['flag']=38},[4]={['reward']=3,['flag']=55}},['endtime']=1750809600},['txendtime']=1750982400,['sumendtime']=1750896000,['playerscore']={['rewarddata']={[1]={['reward']=0,['flag']=28000}},['endtime']=1751068800}}
[:06-26_03-22-02][:0000002c] net 发送到网关 mMailBox={"fd":65,"gate":37} data长度=118
[:06-26_03-22-02][:0000002c] net 发送消息 pb_name=GS2CCollectGiftInfo {['collect_gift']={}}
[:06-26_03-22-02][:0000002c] net 发送到网关 mMailBox={"fd":65,"gate":37} data长度=8
[:06-26_03-22-02][:0000002c] net 发送消息 pb_name=GS2CImperialexamState {['state']=0}
[:06-26_03-22-02][:0000002c] net 发送到网关 mMailBox={"fd":65,"gate":37} data长度=8
[:06-26_03-22-02][:0000002c] net 发送消息 pb_name=GS2COnlineGift {['statuslist']={},['end_time']=4070995140,['start_time']=1483228800,['login_time']=1750908122}
[:06-26_03-22-02][:0000002c] net 发送到网关 mMailBox={"fd":65,"gate":37} data长度=26
[:06-26_03-22-02][:0000002c] net 发送消息 pb_name=GS2CCaishenRefreshRewardKey {['reward_key']=0,['status']=0,['end_time']=0,['reward_surplus']=0,['start_time']=0}
[:06-26_03-22-02][:0000002c] net 发送到网关 mMailBox={"fd":65,"gate":37} data长度=8
[:06-26_03-22-02][:0000002c] net 发送消息 pb_name=GS2CFightGiftbagReward {['endtime']=0,['rewardlist']={[1]={['score']=36500,['inrank']=0,['rank']=100},[2]={['score']=27000,['inrank']=0,['rank']=100},[3]={['score']=12000,['inrank']=0,['rank']=100},[4]={['score']=7500,['inrank']=0,['rank']=100},[5]={['score']=22500,['inrank']=0,['rank']=100},[6]={['score']=30000,['inrank']=0,['rank']=100},[7]={['score']=16000,['inrank']=0,['rank']=100}}}
[:06-26_03-22-02][:0000002c] net 发送到网关 mMailBox={"fd":65,"gate":37} data长度=61
[:06-26_03-22-02][:0000002c] net 发送消息 pb_name=GS2CChargeGiftInfo {['gift_day_list']={[1]={['key']="gift_day_2",['val']=0},[2]={['key']="gift_day_3",['val']=0},[3]={['key']="gift_day_1",['val']=0},[4]={['key']="gift_day_all",['val']=0}},['gift_goldcoin_list']={[1]={['key']="goldcoin_gift_2",['val']=0},[2]={['key']="goldcoin_gift_1",['val']=0}},['mask']="e",['gift_grade_list']={[1]={['key']="grade_gift1_45",['val']=0},[2]={['key']="grade_gift2_68",['val']=0},[3]={['key']="grade_gift2_70",['val']=0},[4]={['key']="grade_gift1_30",['val']=0},[5]={['key']="grade_gift2_0",['val']=0},[6]={['key']="grade_gift1_0",['val']=0},[7]={['key']="grade_gift1_50",['val']=0},[8]={['key']="grade_gift1_60",['val']=0},[9]={['key']="grade_gift2_63",['val']=0},[10]={['key']="grade_gift1_40",['val']=0},[11]={['key']="grade_gift1_55",['val']=0},[12]={['key']="grade_gift1_35",['val']=0},[13]={['key']="grade_gift2_66",['val']=0}}}
[:06-26_03-22-02][:0000002c] net 发送到网关 mMailBox={"fd":65,"gate":37} data长度=339
[:06-26_03-22-02][:0000002c] net 发送消息 pb_name=GS2CRplGoldCoinGift {['multiple']=0,['flag']=0}
[:06-26_03-22-02][:0000002c] net 发送到网关 mMailBox={"fd":65,"gate":37} data长度=8
[:06-26_03-22-02][:0000002c] net 发送消息 pb_name=GS2CPayForGoldInfo {['goldcoin_list']={[1]={['key']="goldcoinstore_1",['val']=0},[2]={['key']="goldcoinstore_2",['val']=0},[3]={['key']="goldcoinstore_3",['val']=0},[4]={['key']="goldcoinstore_4",['val']=0},[5]={['key']="goldcoinstore_5",['val']=0},[6]={['key']="goldcoinstore_6",['val']=0},[7]={['key']="goldcoinstore_7",['val']=0},[8]={['key']="goldcoinstore_8",['val']=0},[9]={['key']="goldcoinstore_9",['val']=0},[10]={['key']="goldcoinstore_10",['val']=0}}}
[:06-26_03-22-02][:0000002c] net 发送到网关 mMailBox={"fd":65,"gate":37} data长度=199
[:06-26_03-22-02][:0000002c] net 发送消息 pb_name=GS2CRetrieveExp {['retrieves']={}}
[:06-26_03-22-02][:0000002c] net 发送到网关 mMailBox={"fd":65,"gate":37} data长度=8
[:06-26_03-22-02][:0000002c] net 发送消息 pb_name=GS2CDanceLeftCnt {['leftcnt']=6}
[:06-26_03-22-02][:0000002c] net 发送到网关 mMailBox={"fd":65,"gate":37} data长度=10
[:06-26_03-22-02][:0000002c] net 发送消息 pb_name=GS2CRefreshAllHuodongState {['hdlist']={[1]={['state']=1,['time']="19:15",['scheduleid']=1018},[2]={['state']=1,['time']="10:30",['scheduleid']=1021},[3]={['state']=1,['time']="12:45",['scheduleid']=1019}}}
[:06-26_03-22-02][:0000002c] net 发送到网关 mMailBox={"fd":65,"gate":37} data长度=50
[:06-26_03-22-02][:0000002c] net 发送消息 pb_name=GS2CChatHistory {['world_chat']={}}
[:06-26_03-22-02][:0000002c] net 发送到网关 mMailBox={"fd":65,"gate":37} data长度=8
[:06-26_03-22-02][:0000002c] net 发送消息 pb_name=GS2CLoginMail {['simpleinfo']={[1]={['createtime']=1749439675,['openicon']="h7_xinfeng_6",['mailtype']=101,['mailid']=1,['validtime']=1752031675,['hasattach']=0,['title']="游戏画面配置",['opened']=0,['readtodel']=0,['icon']="h7_xinfeng_1",['audio']=""}}}
[:06-26_03-22-02][:0000002c] net 发送到网关 mMailBox={"fd":65,"gate":37} data长度=74
[:06-26_03-22-02][:00000031] net 发送消息 pb_name=GS2CAllForbinInfo {['forbids']={}}
[:06-26_03-22-02][:00000031] net 发送到网关 mMailBox={"gate":37,"fd":65} data长度=8
[:06-26_03-22-02][:0000002c] net 发送消息 pb_name=GS2CPropChange {['role']={['seal_ratio']=0,['cure_power']=11,['mag_defense']=70,['mask']="8000004047fffde00",['magic']=3,['score']=260,['agility']=6,['endurance']=9,['res_seal_ratio']=0,['speed']=83,['mp']=260,['res_mag_critical_ratio']=0,['max_hp']=272,['phy_critical_ratio']=3,['max_mp']=260,['hp']=272,['strength']=3,['critical_multiple']=2,['phy_attack']=108,['phy_defense']=69,['res_phy_critical_ratio']=0,['prop_info']={[1]={['name']="phy_defense",['ratio']=0,['base']=69000.0,['extra']=0},[2]={['name']="max_mp",['ratio']=0,['base']=260000.0,['extra']=0},[3]={['name']="max_hp",['ratio']=0,['base']=272000.0,['extra']=0},[4]={['name']="speed",['ratio']=0,['base']=83000.0,['extra']=0},[5]={['name']="phy_attack",['ratio']=0,['base']=103000.0,['extra']=5000},[6]={['name']="mag_attack",['ratio']=0,['base']=83000.0,['extra']=1000},[7]={['name']="mag_defense",['ratio']=0,['base']=70000.0,['extra']=0}},['physique']=9,['mag_attack']=84,['mag_critical_ratio']=0}}
[:06-26_03-22-02][:0000002c] net 发送到网关 mMailBox={"fd":65,"gate":37} data长度=212
[:06-26_03-22-02][:0000002c] 网络消息 服务=world sModule=openui sCmd=C2GSOpenScheduleUI fd=65.0 mData={}
[:06-26_03-22-02][:0000002c] net 发送消息 pb_name=GS2CSchedule {['schedules']={[1]={['times']=0,['activepoint']=0,['maxtimes']=35,['scheduleid']=1008}},['rewardidx']=0,['db_point_limit']=840,['db_point']=0,['activepoint']=0,['curtime']=1750908122,['hdlist']={[1]={['state']=1,['time']="19:15",['scheduleid']=1018},[2]={['state']=1,['time']="10:30",['scheduleid']=1021},[3]={['state']=1,['time']="12:45",['scheduleid']=1019}}}
[:06-26_03-22-02][:0000002c] net 发送到网关 mMailBox={"fd":65,"gate":37} data长度=66
[:06-26_03-22-02][:0000002c] 网络消息 服务=world sModule=other sCmd=C2GSOpSession fd=65.0 mData={"session":"1362"}
[:06-26_03-22-02][:0000002c] net 发送消息 pb_name=GS2COpSessionResponse {['session']="1362"}
[:06-26_03-22-02][:0000002c] net 发送到网关 mMailBox={"fd":65,"gate":37} data长度=14
[:06-26_03-22-02][:0000002c] 网络消息 服务=world sModule=redpacket sCmd=C2GSQueryAll fd=65.0 mData={"channel":101}
[:06-26_03-22-02][:0000002c] net 发送消息 pb_name=GS2CAll {}
[:06-26_03-22-02][:0000002c] net 发送到网关 mMailBox={"fd":65,"gate":37} data长度=8
[:06-26_03-22-02][:00000034] net 发送到网关 mMailBox={"gate":37,"fd":65} data长度=57
[:06-26_03-22-02][:00000034] net 发送到网关 mMailBox={"gate":37,"fd":65} data长度=48
[:06-26_03-22-02][:00000034] net 发送到网关 mMailBox={"gate":37,"fd":65} data长度=66
[:06-26_03-22-02][:00000062] 网络消息 服务=net_recv_proxy iFd=65.0 iType=3001.0 sData=null
[:06-26_03-22-02][:0000002c] 网络消息 服务=world sModule=other sCmd=C2GSHeartBeat fd=65.0 mData={}
[:06-26_03-22-02][:0000002c] net 发送消息 pb_name=GS2CHeartBeat {['time']=1750908122}
[:06-26_03-22-02][:0000002c] net 发送到网关 mMailBox={"fd":65,"gate":37} data长度=14
[:06-26_03-22-04][:00000062] 网络消息 服务=net_recv_proxy iFd=65.0 iType=2005.0 sData=null
[:06-26_03-22-04][:0000002c] 网络消息 服务=world sModule=scene sCmd=C2GSSyncPosQueue fd=65.0 mData={"eid":4,"scene_id":5,"poslist":[{"time":1000,"pos":{"y":4300,"x":5300,"face_y":129857}},{"pos":{"y":4331,"x":7999,"face_y":129857}}]}
[:06-26_03-22-05][:00000062] 网络消息 服务=net_recv_proxy iFd=65.0 iType=2005.0 sData=null
[:06-26_03-22-05][:0000002c] 网络消息 服务=world sModule=scene sCmd=C2GSSyncPosQueue fd=65.0 mData={"eid":4,"scene_id":5,"poslist":[{"time":1000,"pos":{"y":4110,"x":7490,"face_y":117494}},{"pos":{"y":2805,"x":9854,"face_y":117494}}]}
[:06-26_03-22-06][:00000062] 网络消息 服务=net_recv_proxy iFd=65.0 iType=2005.0 sData=null
[:06-26_03-22-06][:0000002c] 网络消息 服务=world sModule=scene sCmd=C2GSSyncPosQueue fd=65.0 mData={"eid":4,"scene_id":5,"poslist":[{"time":1000,"pos":{"y":3777,"x":8222,"face_y":106320}},{"pos":{"y":3018,"x":10814,"face_y":106320}}]}
[:06-26_03-22-06][:00000062] 网络消息 服务=net_recv_proxy iFd=65.0 iType=2005.0 sData=null
[:06-26_03-22-06][:0000002c] 网络消息 服务=world sModule=scene sCmd=C2GSSyncPosQueue fd=65.0 mData={"eid":4,"scene_id":5,"poslist":[{"pos":{"y":2856,"x":11369,"face_y":106319}}]}
[:06-26_03-22-09][:00000062] 网络消息 服务=net_recv_proxy iFd=65.0 iType=2005.0 sData=null
[:06-26_03-22-09][:0000002c] 网络消息 服务=world sModule=scene sCmd=C2GSSyncPosQueue fd=65.0 mData={"eid":4,"scene_id":5,"poslist":[{"time":1000,"pos":{"y":2856,"x":11369,"face_y":75875}},{"pos":{"y":4320,"x":13488,"face_y":75875}}]}
[:06-26_03-22-10][:00000062] 网络消息 服务=net_recv_proxy iFd=65.0 iType=2005.0 sData=null
[:06-26_03-22-10][:0000002c] 网络消息 服务=world sModule=scene sCmd=C2GSSyncPosQueue fd=65.0 mData={"eid":4,"scene_id":5,"poslist":[{"time":1000,"pos":{"y":3845,"x":12529,"face_y":52032}},{"pos":{"y":5505,"x":14658,"face_y":52032}}]}
[:06-26_03-22-11][:00000062] 网络消息 服务=net_recv_proxy iFd=65.0 iType=2005.0 sData=null
[:06-26_03-22-11][:0000002c] 网络消息 服务=world sModule=scene sCmd=C2GSSyncPosQueue fd=65.0 mData={"eid":4,"scene_id":5,"poslist":[{"time":900,"pos":{"y":5072,"x":15074,"face_y":57721}},{"pos":{"y":6583,"x":16978,"face_y":57721}}]}
[:06-26_03-22-12][:00000062] 网络消息 服务=net_recv_proxy iFd=65.0 iType=2005.0 sData=null
[:06-26_03-22-12][:0000002c] 网络消息 服务=world sModule=scene sCmd=C2GSSyncPosQueue fd=65.0 mData={"eid":4,"scene_id":5,"poslist":[{"time":266,"pos":{"y":5729,"x":16309,"face_y":77867}},{"pos":{"y":5439,"x":16959,"face_y":77867}}]}
[:06-26_03-22-12][:00000062] 网络消息 服务=net_recv_proxy iFd=65.0 iType=3001.0 sData=null
[:06-26_03-22-12][:0000002c] 网络消息 服务=world sModule=other sCmd=C2GSHeartBeat fd=65.0 mData={}
[:06-26_03-22-12][:0000002c] net 发送消息 pb_name=GS2CHeartBeat {['time']=1750908132}
[:06-26_03-22-12][:0000002c] net 发送到网关 mMailBox={"fd":65,"gate":37} data长度=14
[:06-26_03-22-12][:00000062] 网络消息 服务=net_recv_proxy iFd=65.0 iType=2005.0 sData=null
[:06-26_03-22-12][:0000002c] 网络消息 服务=world sModule=scene sCmd=C2GSSyncPosQueue fd=65.0 mData={"eid":4,"scene_id":5,"poslist":[{"pos":{"y":5119,"x":16319,"face_y":235229}}]}
[:06-26_03-22-14][:00000062] 网络消息 服务=net_recv_proxy iFd=65.0 iType=2005.0 sData=null
[:06-26_03-22-14][:0000002c] 网络消息 服务=world sModule=scene sCmd=C2GSSyncPosQueue fd=65.0 mData={"eid":4,"scene_id":5,"poslist":[{"time":1000,"pos":{"y":5119,"x":16319,"face_y":235229}},{"pos":{"y":5646,"x":13830,"face_y":235229}}]}
[:06-26_03-22-15][:00000062] 网络消息 服务=net_recv_proxy iFd=65.0 iType=2005.0 sData=null
[:06-26_03-22-15][:0000002c] 网络消息 服务=world sModule=scene sCmd=C2GSSyncPosQueue fd=65.0 mData={"eid":4,"scene_id":5,"poslist":[{"time":890,"pos":{"y":6709,"x":16230,"face_y":349597}},{"pos":{"y":8450,"x":15213,"face_y":349597}}]}
[:06-26_03-22-16][:00000062] 网络消息 服务=net_recv_proxy iFd=65.0 iType=2005.0 sData=null
[:06-26_03-22-16][:0000002c] 网络消息 服务=world sModule=scene sCmd=C2GSSyncPosQueue fd=65.0 mData={"eid":4,"scene_id":5,"poslist":[{"time":699,"pos":{"y":7582,"x":15769,"face_y":331563}},{"pos":{"y":9315,"x":15016,"face_y":331563}}]}
[:06-26_03-22-16][:00000062] 网络消息 服务=net_recv_proxy iFd=65.0 iType=2005.0 sData=null
[:06-26_03-22-16][:0000002c] 网络消息 服务=world sModule=scene sCmd=C2GSSyncPosQueue fd=65.0 mData={"eid":4,"scene_id":5,"poslist":[{"pos":{"y":9217,"x":15871,"face_y":33185}}]}
[:06-26_03-22-17][:00000062] 网络消息 服务=net_recv_proxy iFd=65.0 iType=7001.0 sData=null
[:06-26_03-22-17][:0000002c] 网络消息 服务=world sModule=task sCmd=C2GSClickTask fd=65.0 mData={"taskid":10006}
[:06-26_03-22-17][:0000002c] net 发送消息 pb_name=GS2CShowScene {['y']=21000,['x']=27000,['map_id']=103000,['scene_name']="西湖",['scene_id']=12}
[:06-26_03-22-17][:0000002c] net 发送到网关 mMailBox={"fd":65,"gate":37} data长度=30
[:06-26_03-22-17][:0000002c] net 发送消息 pb_name=GS2CAutoFindPath {['map_id']=103000,['pos_x']=33600,['npcid']=169,['autotype']=1,['pos_y']=15800}
[:06-26_03-22-17][:0000002c] net 发送到网关 mMailBox={"fd":65,"gate":37} data长度=24
[:06-26_03-22-17][:0000003b] net 发送消息 pb_name=GS2CEnterScene {['scene_id']=12,['pos_info']={['y']=21000,['x']=27000,['face_x']=0,['face_y']=33185,['v']=2800},['eid']=14}
[:06-26_03-22-17][:0000003b] net 发送到网关 mMailBox={"gate":37,"fd":65} data长度=29
[:06-26_03-22-17][:00000062] 网络消息 服务=net_recv_proxy iFd=65.0 iType=3007.0 sData=null
[:06-26_03-22-17][:0000002c] 网络消息 服务=world sModule=other sCmd=C2GSOpSession fd=65.0 mData={"session":"1713"}
[:06-26_03-22-17][:0000002c] net 发送消息 pb_name=GS2COpSessionResponse {['session']="1713"}
[:06-26_03-22-17][:0000002c] net 发送到网关 mMailBox={"fd":65,"gate":37} data长度=14
[:06-26_03-22-17][:0000003b] net 发送到网关 mMailBox={"gate":37,"fd":65} data长度=68
[:06-26_03-22-17][:0000003b] net 发送到网关 mMailBox={"gate":37,"fd":65} data长度=52
[:06-26_03-22-17][:0000003b] net 发送到网关 mMailBox={"gate":37,"fd":65} data长度=53
[:06-26_03-22-17][:0000003b] net 发送到网关 mMailBox={"gate":37,"fd":65} data长度=56
[:06-26_03-22-17][:0000003b] net 发送到网关 mMailBox={"gate":37,"fd":65} data长度=51
[:06-26_03-22-17][:0000003b] net 发送到网关 mMailBox={"gate":37,"fd":65} data长度=49
[:06-26_03-22-17][:0000003b] net 发送到网关 mMailBox={"gate":37,"fd":65} data长度=60
[:06-26_03-22-17][:0000003b] net 发送到网关 mMailBox={"gate":37,"fd":65} data长度=49
[:06-26_03-22-17][:0000003b] net 发送到网关 mMailBox={"gate":37,"fd":65} data长度=56
[:06-26_03-22-18][:00000062] 网络消息 服务=net_recv_proxy iFd=65.0 iType=2005.0 sData=null
[:06-26_03-22-18][:0000002c] 网络消息 服务=world sModule=scene sCmd=C2GSSyncPosQueue fd=65.0 mData={"eid":14,"scene_id":12,"poslist":[{"time":1000,"pos":{"y":21000,"x":27000,"face_y":141241}},{"pos":{"y":19090,"x":28909,"face_y":141241}}]}
[:06-26_03-22-18][:0000003b] net 发送到网关 mMailBox={"gate":37,"fd":65} data长度=49
[:06-26_03-22-18][:0000003b] net 发送到网关 mMailBox={"gate":37,"fd":65} data长度=52
[:06-26_03-22-18][:0000003b] net 发送到网关 mMailBox={"gate":37,"fd":65} data长度=48
[:06-26_03-22-18][:0000003b] net 发送到网关 mMailBox={"gate":37,"fd":65} data长度=49
[:06-26_03-22-18][:00000062] 网络消息 服务=net_recv_proxy iFd=65.0 iType=2005.0 sData=null
[:06-26_03-22-18][:0000002c] 网络消息 服务=world sModule=scene sCmd=C2GSSyncPosQueue fd=65.0 mData={"eid":14,"scene_id":12,"poslist":[{"time":594,"pos":{"y":19334,"x":28665,"face_y":135000}},{"pos":{"y":20563,"x":29697,"face_y":135000}}]}
[:06-26_03-22-19][:00000062] 网络消息 服务=net_recv_proxy iFd=65.0 iType=2005.0 sData=null
[:06-26_03-22-19][:0000002c] 网络消息 服务=world sModule=scene sCmd=C2GSSyncPosQueue fd=65.0 mData={"eid":14,"scene_id":12,"poslist":[{"time":547,"pos":{"y":20031,"x":29468,"face_y":57150}},{"pos":{"y":21127,"x":30460,"face_y":57150}}]}
[:06-26_03-22-19][:0000003b] net 发送到网关 mMailBox={"gate":37,"fd":65} data长度=12
[:06-26_03-22-19][:0000003b] net 发送到网关 mMailBox={"gate":37,"fd":65} data长度=12
[:06-26_03-22-19][:0000003b] net 发送到网关 mMailBox={"gate":37,"fd":65} data长度=12
[:06-26_03-22-19][:0000003b] net 发送到网关 mMailBox={"gate":37,"fd":65} data长度=12
[:06-26_03-22-20][:00000062] 网络消息 服务=net_recv_proxy iFd=65.0 iType=2005.0 sData=null
[:06-26_03-22-20][:0000002c] 网络消息 服务=world sModule=scene sCmd=C2GSSyncPosQueue fd=65.0 mData={"eid":14,"scene_id":12,"poslist":[{"pos":{"y":21127,"x":30460,"face_y":42161}}]}
[:06-26_03-22-20][:0000003b] net 发送到网关 mMailBox={"gate":37,"fd":65} data长度=12
[:06-26_03-22-20][:0000003b] net 发送到网关 mMailBox={"gate":37,"fd":65} data长度=12
[:06-26_03-22-20][:0000003b] net 发送到网关 mMailBox={"gate":37,"fd":65} data长度=12
[:06-26_03-22-20][:0000003b] net 发送到网关 mMailBox={"gate":37,"fd":65} data长度=12
[:06-26_03-22-21][:00000062] 网络消息 服务=net_recv_proxy iFd=65.0 iType=2005.0 sData=null
[:06-26_03-22-21][:0000002c] 网络消息 服务=world sModule=scene sCmd=C2GSSyncPosQueue fd=65.0 mData={"eid":14,"scene_id":12,"poslist":[{"time":1000,"pos":{"y":21127,"x":30460,"face_y":57090}},{"pos":{"y":21235,"x":33157,"face_y":57090}}]}
[:06-26_03-22-22][:00000062] 网络消息 服务=net_recv_proxy iFd=65.0 iType=3001.0 sData=null
[:06-26_03-22-22][:0000002c] 网络消息 服务=world sModule=other sCmd=C2GSHeartBeat fd=65.0 mData={}
[:06-26_03-22-22][:0000002c] net 发送消息 pb_name=GS2CHeartBeat {['time']=1750908142}
[:06-26_03-22-22][:0000002c] net 发送到网关 mMailBox={"fd":65,"gate":37} data长度=14
[:06-26_03-22-22][:00000062] 网络消息 服务=net_recv_proxy iFd=65.0 iType=2005.0 sData=null
[:06-26_03-22-22][:0000002c] 网络消息 服务=world sModule=scene sCmd=C2GSSyncPosQueue fd=65.0 mData={"eid":14,"scene_id":12,"poslist":[{"time":1000,"pos":{"y":21235,"x":33157,"face_y":87699}},{"pos":{"y":21344,"x":35855,"face_y":87699}}]}
[:06-26_03-22-23][:00000062] 网络消息 服务=net_recv_proxy iFd=65.0 iType=2005.0 sData=null
[:06-26_03-22-23][:0000002c] 网络消息 服务=world sModule=scene sCmd=C2GSSyncPosQueue fd=65.0 mData={"eid":14,"scene_id":12,"poslist":[{"time":232,"pos":{"y":21344,"x":35855,"face_y":87700}},{"pos":{"y":21369,"x":36483,"face_y":87700}}]}
[:06-26_03-22-24][:00000062] 网络消息 服务=net_recv_proxy iFd=65.0 iType=2005.0 sData=null
[:06-26_03-22-24][:0000002c] 网络消息 服务=world sModule=scene sCmd=C2GSSyncPosQueue fd=65.0 mData={"eid":14,"scene_id":12,"poslist":[{"pos":{"y":21369,"x":36483,"face_y":87701}}]}
[:06-26_03-22-25][:00000062] 网络消息 服务=net_recv_proxy iFd=65.0 iType=2005.0 sData=null
[:06-26_03-22-25][:0000002c] 网络消息 服务=world sModule=scene sCmd=C2GSSyncPosQueue fd=65.0 mData={"eid":14,"scene_id":12,"poslist":[{"time":1000,"pos":{"y":21369,"x":36483,"face_y":87701}},{"pos":{"y":21280,"x":39174,"face_y":87701}}]}
^C
[root@46d43da1126c code]# 